ISO-10303-21;
HEADER;
/* Generated by software containing ST-Developer
 * from STEP Tools, Inc. (www.steptools.com) 
 */

FILE_DESCRIPTION(
/* description */ (''),
/* implementation_level */ '2;1');

FILE_NAME(
/* name */ 'casewithbongo.step',
/* time_stamp */ '2026-06-04T00:43:48+08:00',
/* author */ (''),
/* organization */ (''),
/* preprocessor_version */ 'ST-DEVELOPER v20.1',
/* originating_system */ 'Autodesk Translation Framework v15.8.0.0',
/* authorisation */ '');

FILE_SCHEMA (('AUTOMOTIVE_DESIGN { 1 0 10303 214 3 1 1 }'));
ENDSEC;

DATA;
#10=MECHANICAL_DESIGN_GEOMETRIC_PRESENTATION_REPRESENTATION('',(#19,#20),
#2596);
#11=ITEM_DEFINED_TRANSFORMATION($,$,#1620,#1737);
#12=(
REPRESENTATION_RELATIONSHIP($,$,#2607,#2606)
REPRESENTATION_RELATIONSHIP_WITH_TRANSFORMATION(#11)
SHAPE_REPRESENTATION_RELATIONSHIP()
);
#13=CONTEXT_DEPENDENT_SHAPE_REPRESENTATION(#12,#2605);
#14=NEXT_ASSEMBLY_USAGE_OCCURRENCE('base:1','base:1','base:1',#2609,#2610,
'base:1');
#15=SHAPE_REPRESENTATION_RELATIONSHIP('SRR','None',#2607,#17);
#16=SHAPE_REPRESENTATION_RELATIONSHIP('SRR','None',#2606,#18);
#17=ADVANCED_BREP_SHAPE_REPRESENTATION('',(#21),#2595);
#18=ADVANCED_BREP_SHAPE_REPRESENTATION('',(#22),#2594);
#19=STYLED_ITEM('',(#2620),#21);
#20=STYLED_ITEM('',(#2620),#22);
#21=MANIFOLD_SOLID_BREP('Body2',#1605);
#22=MANIFOLD_SOLID_BREP('Body3',#1606);
#23=FACE_BOUND('',#225,.T.);
#24=FACE_BOUND('',#228,.T.);
#25=FACE_BOUND('',#231,.T.);
#26=FACE_BOUND('',#234,.T.);
#27=FACE_BOUND('',#240,.T.);
#28=FACE_BOUND('',#247,.T.);
#29=FACE_BOUND('',#253,.T.);
#30=FACE_BOUND('',#257,.T.);
#31=FACE_BOUND('',#258,.T.);
#32=FACE_BOUND('',#259,.T.);
#33=FACE_BOUND('',#260,.T.);
#34=FACE_BOUND('',#261,.T.);
#35=FACE_BOUND('',#263,.T.);
#36=FACE_BOUND('',#264,.T.);
#37=FACE_BOUND('',#265,.T.);
#38=FACE_BOUND('',#266,.T.);
#39=FACE_BOUND('',#269,.T.);
#40=FACE_BOUND('',#272,.T.);
#41=FACE_BOUND('',#275,.T.);
#42=FACE_BOUND('',#278,.T.);
#43=FACE_BOUND('',#313,.T.);
#44=FACE_BOUND('',#314,.T.);
#45=FACE_BOUND('',#315,.T.);
#46=FACE_BOUND('',#316,.T.);
#47=FACE_BOUND('',#317,.T.);
#48=FACE_BOUND('',#318,.T.);
#49=FACE_BOUND('',#319,.T.);
#50=FACE_BOUND('',#329,.T.);
#51=FACE_BOUND('',#330,.T.);
#52=FACE_BOUND('',#331,.T.);
#53=FACE_BOUND('',#332,.T.);
#54=FACE_BOUND('',#333,.T.);
#55=FACE_BOUND('',#335,.T.);
#56=FACE_BOUND('',#336,.T.);
#57=FACE_BOUND('',#337,.T.);
#58=FACE_BOUND('',#338,.T.);
#59=FACE_BOUND('',#339,.T.);
#60=FACE_BOUND('',#340,.T.);
#61=FACE_BOUND('',#341,.T.);
#62=FACE_BOUND('',#342,.T.);
#63=FACE_BOUND('',#343,.T.);
#64=FACE_BOUND('',#344,.T.);
#65=FACE_BOUND('',#345,.T.);
#66=FACE_BOUND('',#346,.T.);
#67=PLANE('',#1636);
#68=PLANE('',#1640);
#69=PLANE('',#1644);
#70=PLANE('',#1648);
#71=PLANE('',#1649);
#72=PLANE('',#1650);
#73=PLANE('',#1651);
#74=PLANE('',#1652);
#75=PLANE('',#1653);
#76=PLANE('',#1654);
#77=PLANE('',#1655);
#78=PLANE('',#1656);
#79=PLANE('',#1657);
#80=PLANE('',#1658);
#81=PLANE('',#1659);
#82=PLANE('',#1660);
#83=PLANE('',#1661);
#84=PLANE('',#1662);
#85=PLANE('',#1663);
#86=PLANE('',#1664);
#87=PLANE('',#1665);
#88=PLANE('',#1666);
#89=PLANE('',#1667);
#90=PLANE('',#1668);
#91=PLANE('',#1672);
#92=PLANE('',#1677);
#93=PLANE('',#1682);
#94=PLANE('',#1687);
#95=PLANE('',#1697);
#96=PLANE('',#1698);
#97=PLANE('',#1699);
#98=PLANE('',#1700);
#99=PLANE('',#1701);
#100=PLANE('',#1702);
#101=PLANE('',#1703);
#102=PLANE('',#1704);
#103=PLANE('',#1705);
#104=PLANE('',#1706);
#105=PLANE('',#1707);
#106=PLANE('',#1708);
#107=PLANE('',#1709);
#108=PLANE('',#1710);
#109=PLANE('',#1711);
#110=PLANE('',#1712);
#111=PLANE('',#1713);
#112=PLANE('',#1714);
#113=PLANE('',#1715);
#114=PLANE('',#1716);
#115=PLANE('',#1717);
#116=PLANE('',#1718);
#117=PLANE('',#1719);
#118=PLANE('',#1720);
#119=PLANE('',#1721);
#120=PLANE('',#1722);
#121=PLANE('',#1723);
#122=PLANE('',#1724);
#123=PLANE('',#1725);
#124=PLANE('',#1726);
#125=PLANE('',#1727);
#126=PLANE('',#1728);
#127=PLANE('',#1729);
#128=PLANE('',#1730);
#129=PLANE('',#1731);
#130=PLANE('',#1732);
#131=PLANE('',#1733);
#132=PLANE('',#1734);
#133=PLANE('',#1735);
#134=PLANE('',#1736);
#135=FACE_OUTER_BOUND('',#219,.T.);
#136=FACE_OUTER_BOUND('',#220,.T.);
#137=FACE_OUTER_BOUND('',#221,.T.);
#138=FACE_OUTER_BOUND('',#222,.T.);
#139=FACE_OUTER_BOUND('',#223,.T.);
#140=FACE_OUTER_BOUND('',#224,.T.);
#141=FACE_OUTER_BOUND('',#226,.T.);
#142=FACE_OUTER_BOUND('',#227,.T.);
#143=FACE_OUTER_BOUND('',#229,.T.);
#144=FACE_OUTER_BOUND('',#230,.T.);
#145=FACE_OUTER_BOUND('',#232,.T.);
#146=FACE_OUTER_BOUND('',#233,.T.);
#147=FACE_OUTER_BOUND('',#235,.T.);
#148=FACE_OUTER_BOUND('',#236,.T.);
#149=FACE_OUTER_BOUND('',#237,.T.);
#150=FACE_OUTER_BOUND('',#238,.T.);
#151=FACE_OUTER_BOUND('',#239,.T.);
#152=FACE_OUTER_BOUND('',#241,.T.);
#153=FACE_OUTER_BOUND('',#242,.T.);
#154=FACE_OUTER_BOUND('',#243,.T.);
#155=FACE_OUTER_BOUND('',#244,.T.);
#156=FACE_OUTER_BOUND('',#245,.T.);
#157=FACE_OUTER_BOUND('',#246,.T.);
#158=FACE_OUTER_BOUND('',#248,.T.);
#159=FACE_OUTER_BOUND('',#249,.T.);
#160=FACE_OUTER_BOUND('',#250,.T.);
#161=FACE_OUTER_BOUND('',#251,.T.);
#162=FACE_OUTER_BOUND('',#252,.T.);
#163=FACE_OUTER_BOUND('',#254,.T.);
#164=FACE_OUTER_BOUND('',#255,.T.);
#165=FACE_OUTER_BOUND('',#256,.T.);
#166=FACE_OUTER_BOUND('',#262,.T.);
#167=FACE_OUTER_BOUND('',#267,.T.);
#168=FACE_OUTER_BOUND('',#268,.T.);
#169=FACE_OUTER_BOUND('',#270,.T.);
#170=FACE_OUTER_BOUND('',#271,.T.);
#171=FACE_OUTER_BOUND('',#273,.T.);
#172=FACE_OUTER_BOUND('',#274,.T.);
#173=FACE_OUTER_BOUND('',#276,.T.);
#174=FACE_OUTER_BOUND('',#277,.T.);
#175=FACE_OUTER_BOUND('',#279,.T.);
#176=FACE_OUTER_BOUND('',#280,.T.);
#177=FACE_OUTER_BOUND('',#281,.T.);
#178=FACE_OUTER_BOUND('',#282,.T.);
#179=FACE_OUTER_BOUND('',#283,.T.);
#180=FACE_OUTER_BOUND('',#284,.T.);
#181=FACE_OUTER_BOUND('',#285,.T.);
#182=FACE_OUTER_BOUND('',#286,.T.);
#183=FACE_OUTER_BOUND('',#287,.T.);
#184=FACE_OUTER_BOUND('',#288,.T.);
#185=FACE_OUTER_BOUND('',#289,.T.);
#186=FACE_OUTER_BOUND('',#290,.T.);
#187=FACE_OUTER_BOUND('',#291,.T.);
#188=FACE_OUTER_BOUND('',#292,.T.);
#189=FACE_OUTER_BOUND('',#293,.T.);
#190=FACE_OUTER_BOUND('',#294,.T.);
#191=FACE_OUTER_BOUND('',#295,.T.);
#192=FACE_OUTER_BOUND('',#296,.T.);
#193=FACE_OUTER_BOUND('',#297,.T.);
#194=FACE_OUTER_BOUND('',#298,.T.);
#195=FACE_OUTER_BOUND('',#299,.T.);
#196=FACE_OUTER_BOUND('',#300,.T.);
#197=FACE_OUTER_BOUND('',#301,.T.);
#198=FACE_OUTER_BOUND('',#302,.T.);
#199=FACE_OUTER_BOUND('',#303,.T.);
#200=FACE_OUTER_BOUND('',#304,.T.);
#201=FACE_OUTER_BOUND('',#305,.T.);
#202=FACE_OUTER_BOUND('',#306,.T.);
#203=FACE_OUTER_BOUND('',#307,.T.);
#204=FACE_OUTER_BOUND('',#308,.T.);
#205=FACE_OUTER_BOUND('',#309,.T.);
#206=FACE_OUTER_BOUND('',#310,.T.);
#207=FACE_OUTER_BOUND('',#311,.T.);
#208=FACE_OUTER_BOUND('',#312,.T.);
#209=FACE_OUTER_BOUND('',#320,.T.);
#210=FACE_OUTER_BOUND('',#321,.T.);
#211=FACE_OUTER_BOUND('',#322,.T.);
#212=FACE_OUTER_BOUND('',#323,.T.);
#213=FACE_OUTER_BOUND('',#324,.T.);
#214=FACE_OUTER_BOUND('',#325,.T.);
#215=FACE_OUTER_BOUND('',#326,.T.);
#216=FACE_OUTER_BOUND('',#327,.T.);
#217=FACE_OUTER_BOUND('',#328,.T.);
#218=FACE_OUTER_BOUND('',#334,.T.);
#219=EDGE_LOOP('',(#1085,#1086,#1087,#1088));
#220=EDGE_LOOP('',(#1089,#1090,#1091,#1092));
#221=EDGE_LOOP('',(#1093,#1094,#1095,#1096));
#222=EDGE_LOOP('',(#1097,#1098,#1099,#1100));
#223=EDGE_LOOP('',(#1101,#1102,#1103,#1104));
#224=EDGE_LOOP('',(#1105));
#225=EDGE_LOOP('',(#1106));
#226=EDGE_LOOP('',(#1107,#1108,#1109,#1110));
#227=EDGE_LOOP('',(#1111));
#228=EDGE_LOOP('',(#1112));
#229=EDGE_LOOP('',(#1113,#1114,#1115,#1116));
#230=EDGE_LOOP('',(#1117));
#231=EDGE_LOOP('',(#1118));
#232=EDGE_LOOP('',(#1119,#1120,#1121,#1122));
#233=EDGE_LOOP('',(#1123));
#234=EDGE_LOOP('',(#1124));
#235=EDGE_LOOP('',(#1125,#1126,#1127,#1128));
#236=EDGE_LOOP('',(#1129,#1130,#1131,#1132));
#237=EDGE_LOOP('',(#1133,#1134,#1135,#1136));
#238=EDGE_LOOP('',(#1137,#1138,#1139,#1140));
#239=EDGE_LOOP('',(#1141,#1142,#1143,#1144));
#240=EDGE_LOOP('',(#1145,#1146,#1147,#1148));
#241=EDGE_LOOP('',(#1149,#1150,#1151,#1152));
#242=EDGE_LOOP('',(#1153,#1154,#1155,#1156));
#243=EDGE_LOOP('',(#1157,#1158,#1159,#1160));
#244=EDGE_LOOP('',(#1161,#1162,#1163,#1164));
#245=EDGE_LOOP('',(#1165,#1166,#1167,#1168));
#246=EDGE_LOOP('',(#1169,#1170,#1171,#1172));
#247=EDGE_LOOP('',(#1173,#1174,#1175,#1176));
#248=EDGE_LOOP('',(#1177,#1178,#1179,#1180));
#249=EDGE_LOOP('',(#1181,#1182,#1183,#1184));
#250=EDGE_LOOP('',(#1185,#1186,#1187,#1188));
#251=EDGE_LOOP('',(#1189,#1190,#1191,#1192));
#252=EDGE_LOOP('',(#1193,#1194,#1195,#1196));
#253=EDGE_LOOP('',(#1197,#1198,#1199,#1200));
#254=EDGE_LOOP('',(#1201,#1202,#1203,#1204));
#255=EDGE_LOOP('',(#1205,#1206,#1207,#1208));
#256=EDGE_LOOP('',(#1209,#1210,#1211,#1212));
#257=EDGE_LOOP('',(#1213));
#258=EDGE_LOOP('',(#1214));
#259=EDGE_LOOP('',(#1215));
#260=EDGE_LOOP('',(#1216));
#261=EDGE_LOOP('',(#1217,#1218,#1219,#1220));
#262=EDGE_LOOP('',(#1221,#1222,#1223,#1224));
#263=EDGE_LOOP('',(#1225));
#264=EDGE_LOOP('',(#1226));
#265=EDGE_LOOP('',(#1227));
#266=EDGE_LOOP('',(#1228));
#267=EDGE_LOOP('',(#1229,#1230,#1231,#1232));
#268=EDGE_LOOP('',(#1233));
#269=EDGE_LOOP('',(#1234));
#270=EDGE_LOOP('',(#1235,#1236,#1237,#1238));
#271=EDGE_LOOP('',(#1239));
#272=EDGE_LOOP('',(#1240));
#273=EDGE_LOOP('',(#1241,#1242,#1243,#1244));
#274=EDGE_LOOP('',(#1245));
#275=EDGE_LOOP('',(#1246));
#276=EDGE_LOOP('',(#1247,#1248,#1249,#1250));
#277=EDGE_LOOP('',(#1251));
#278=EDGE_LOOP('',(#1252));
#279=EDGE_LOOP('',(#1253,#1254,#1255,#1256));
#280=EDGE_LOOP('',(#1257,#1258,#1259,#1260));
#281=EDGE_LOOP('',(#1261,#1262,#1263,#1264));
#282=EDGE_LOOP('',(#1265,#1266,#1267,#1268));
#283=EDGE_LOOP('',(#1269,#1270,#1271,#1272));
#284=EDGE_LOOP('',(#1273,#1274,#1275,#1276));
#285=EDGE_LOOP('',(#1277,#1278,#1279,#1280));
#286=EDGE_LOOP('',(#1281,#1282,#1283,#1284));
#287=EDGE_LOOP('',(#1285,#1286,#1287,#1288));
#288=EDGE_LOOP('',(#1289,#1290,#1291,#1292));
#289=EDGE_LOOP('',(#1293,#1294,#1295,#1296));
#290=EDGE_LOOP('',(#1297,#1298,#1299,#1300));
#291=EDGE_LOOP('',(#1301,#1302,#1303,#1304));
#292=EDGE_LOOP('',(#1305,#1306,#1307,#1308));
#293=EDGE_LOOP('',(#1309,#1310,#1311,#1312));
#294=EDGE_LOOP('',(#1313,#1314,#1315,#1316));
#295=EDGE_LOOP('',(#1317,#1318,#1319,#1320));
#296=EDGE_LOOP('',(#1321,#1322,#1323,#1324));
#297=EDGE_LOOP('',(#1325,#1326,#1327,#1328));
#298=EDGE_LOOP('',(#1329,#1330,#1331,#1332));
#299=EDGE_LOOP('',(#1333,#1334,#1335,#1336));
#300=EDGE_LOOP('',(#1337,#1338,#1339,#1340));
#301=EDGE_LOOP('',(#1341,#1342,#1343,#1344));
#302=EDGE_LOOP('',(#1345,#1346,#1347,#1348));
#303=EDGE_LOOP('',(#1349,#1350,#1351,#1352));
#304=EDGE_LOOP('',(#1353,#1354,#1355,#1356));
#305=EDGE_LOOP('',(#1357,#1358,#1359,#1360));
#306=EDGE_LOOP('',(#1361,#1362,#1363,#1364));
#307=EDGE_LOOP('',(#1365,#1366,#1367,#1368));
#308=EDGE_LOOP('',(#1369,#1370,#1371,#1372));
#309=EDGE_LOOP('',(#1373,#1374,#1375,#1376));
#310=EDGE_LOOP('',(#1377,#1378,#1379,#1380));
#311=EDGE_LOOP('',(#1381,#1382,#1383,#1384));
#312=EDGE_LOOP('',(#1385,#1386,#1387,#1388));
#313=EDGE_LOOP('',(#1389,#1390,#1391,#1392));
#314=EDGE_LOOP('',(#1393,#1394,#1395,#1396));
#315=EDGE_LOOP('',(#1397,#1398,#1399,#1400));
#316=EDGE_LOOP('',(#1401,#1402,#1403,#1404));
#317=EDGE_LOOP('',(#1405,#1406,#1407,#1408));
#318=EDGE_LOOP('',(#1409,#1410,#1411,#1412));
#319=EDGE_LOOP('',(#1413,#1414,#1415,#1416));
#320=EDGE_LOOP('',(#1417,#1418,#1419,#1420));
#321=EDGE_LOOP('',(#1421,#1422,#1423,#1424,#1425,#1426));
#322=EDGE_LOOP('',(#1427,#1428,#1429,#1430));
#323=EDGE_LOOP('',(#1431,#1432,#1433,#1434,#1435,#1436));
#324=EDGE_LOOP('',(#1437,#1438,#1439,#1440));
#325=EDGE_LOOP('',(#1441,#1442,#1443,#1444));
#326=EDGE_LOOP('',(#1445,#1446,#1447,#1448));
#327=EDGE_LOOP('',(#1449,#1450,#1451,#1452));
#328=EDGE_LOOP('',(#1453,#1454,#1455,#1456));
#329=EDGE_LOOP('',(#1457));
#330=EDGE_LOOP('',(#1458));
#331=EDGE_LOOP('',(#1459));
#332=EDGE_LOOP('',(#1460));
#333=EDGE_LOOP('',(#1461,#1462,#1463,#1464));
#334=EDGE_LOOP('',(#1465,#1466,#1467,#1468));
#335=EDGE_LOOP('',(#1469));
#336=EDGE_LOOP('',(#1470));
#337=EDGE_LOOP('',(#1471,#1472,#1473,#1474));
#338=EDGE_LOOP('',(#1475,#1476,#1477,#1478));
#339=EDGE_LOOP('',(#1479,#1480,#1481,#1482));
#340=EDGE_LOOP('',(#1483,#1484,#1485,#1486));
#341=EDGE_LOOP('',(#1487,#1488,#1489,#1490));
#342=EDGE_LOOP('',(#1491,#1492,#1493,#1494));
#343=EDGE_LOOP('',(#1495,#1496,#1497,#1498));
#344=EDGE_LOOP('',(#1499,#1500,#1501,#1502));
#345=EDGE_LOOP('',(#1503));
#346=EDGE_LOOP('',(#1504));
#347=LINE('',#2160,#525);
#348=LINE('',#2166,#526);
#349=LINE('',#2172,#527);
#350=LINE('',#2178,#528);
#351=LINE('',#2184,#529);
#352=LINE('',#2191,#530);
#353=LINE('',#2198,#531);
#354=LINE('',#2205,#532);
#355=LINE('',#2211,#533);
#356=LINE('',#2213,#534);
#357=LINE('',#2215,#535);
#358=LINE('',#2216,#536);
#359=LINE('',#2219,#537);
#360=LINE('',#2221,#538);
#361=LINE('',#2222,#539);
#362=LINE('',#2225,#540);
#363=LINE('',#2227,#541);
#364=LINE('',#2228,#542);
#365=LINE('',#2230,#543);
#366=LINE('',#2231,#544);
#367=LINE('',#2235,#545);
#368=LINE('',#2237,#546);
#369=LINE('',#2239,#547);
#370=LINE('',#2240,#548);
#371=LINE('',#2243,#549);
#372=LINE('',#2245,#550);
#373=LINE('',#2246,#551);
#374=LINE('',#2249,#552);
#375=LINE('',#2250,#553);
#376=LINE('',#2253,#554);
#377=LINE('',#2254,#555);
#378=LINE('',#2256,#556);
#379=LINE('',#2260,#557);
#380=LINE('',#2262,#558);
#381=LINE('',#2264,#559);
#382=LINE('',#2265,#560);
#383=LINE('',#2268,#561);
#384=LINE('',#2270,#562);
#385=LINE('',#2271,#563);
#386=LINE('',#2274,#564);
#387=LINE('',#2275,#565);
#388=LINE('',#2278,#566);
#389=LINE('',#2279,#567);
#390=LINE('',#2281,#568);
#391=LINE('',#2285,#569);
#392=LINE('',#2287,#570);
#393=LINE('',#2289,#571);
#394=LINE('',#2290,#572);
#395=LINE('',#2293,#573);
#396=LINE('',#2295,#574);
#397=LINE('',#2296,#575);
#398=LINE('',#2299,#576);
#399=LINE('',#2301,#577);
#400=LINE('',#2302,#578);
#401=LINE('',#2304,#579);
#402=LINE('',#2305,#580);
#403=LINE('',#2312,#581);
#404=LINE('',#2321,#582);
#405=LINE('',#2330,#583);
#406=LINE('',#2339,#584);
#407=LINE('',#2346,#585);
#408=LINE('',#2350,#586);
#409=LINE('',#2354,#587);
#410=LINE('',#2358,#588);
#411=LINE('',#2363,#589);
#412=LINE('',#2365,#590);
#413=LINE('',#2367,#591);
#414=LINE('',#2368,#592);
#415=LINE('',#2371,#593);
#416=LINE('',#2373,#594);
#417=LINE('',#2374,#595);
#418=LINE('',#2377,#596);
#419=LINE('',#2379,#597);
#420=LINE('',#2380,#598);
#421=LINE('',#2382,#599);
#422=LINE('',#2383,#600);
#423=LINE('',#2387,#601);
#424=LINE('',#2389,#602);
#425=LINE('',#2391,#603);
#426=LINE('',#2392,#604);
#427=LINE('',#2395,#605);
#428=LINE('',#2397,#606);
#429=LINE('',#2398,#607);
#430=LINE('',#2401,#608);
#431=LINE('',#2403,#609);
#432=LINE('',#2404,#610);
#433=LINE('',#2406,#611);
#434=LINE('',#2407,#612);
#435=LINE('',#2411,#613);
#436=LINE('',#2413,#614);
#437=LINE('',#2415,#615);
#438=LINE('',#2416,#616);
#439=LINE('',#2419,#617);
#440=LINE('',#2421,#618);
#441=LINE('',#2422,#619);
#442=LINE('',#2425,#620);
#443=LINE('',#2427,#621);
#444=LINE('',#2428,#622);
#445=LINE('',#2430,#623);
#446=LINE('',#2431,#624);
#447=LINE('',#2435,#625);
#448=LINE('',#2437,#626);
#449=LINE('',#2439,#627);
#450=LINE('',#2440,#628);
#451=LINE('',#2443,#629);
#452=LINE('',#2445,#630);
#453=LINE('',#2446,#631);
#454=LINE('',#2449,#632);
#455=LINE('',#2451,#633);
#456=LINE('',#2452,#634);
#457=LINE('',#2454,#635);
#458=LINE('',#2455,#636);
#459=LINE('',#2459,#637);
#460=LINE('',#2461,#638);
#461=LINE('',#2463,#639);
#462=LINE('',#2464,#640);
#463=LINE('',#2467,#641);
#464=LINE('',#2469,#642);
#465=LINE('',#2470,#643);
#466=LINE('',#2473,#644);
#467=LINE('',#2475,#645);
#468=LINE('',#2476,#646);
#469=LINE('',#2478,#647);
#470=LINE('',#2479,#648);
#471=LINE('',#2483,#649);
#472=LINE('',#2485,#650);
#473=LINE('',#2487,#651);
#474=LINE('',#2488,#652);
#475=LINE('',#2491,#653);
#476=LINE('',#2493,#654);
#477=LINE('',#2494,#655);
#478=LINE('',#2497,#656);
#479=LINE('',#2499,#657);
#480=LINE('',#2500,#658);
#481=LINE('',#2502,#659);
#482=LINE('',#2503,#660);
#483=LINE('',#2507,#661);
#484=LINE('',#2509,#662);
#485=LINE('',#2511,#663);
#486=LINE('',#2512,#664);
#487=LINE('',#2515,#665);
#488=LINE('',#2517,#666);
#489=LINE('',#2518,#667);
#490=LINE('',#2521,#668);
#491=LINE('',#2523,#669);
#492=LINE('',#2524,#670);
#493=LINE('',#2526,#671);
#494=LINE('',#2527,#672);
#495=LINE('',#2531,#673);
#496=LINE('',#2533,#674);
#497=LINE('',#2535,#675);
#498=LINE('',#2536,#676);
#499=LINE('',#2539,#677);
#500=LINE('',#2541,#678);
#501=LINE('',#2542,#679);
#502=LINE('',#2545,#680);
#503=LINE('',#2547,#681);
#504=LINE('',#2548,#682);
#505=LINE('',#2551,#683);
#506=LINE('',#2553,#684);
#507=LINE('',#2554,#685);
#508=LINE('',#2557,#686);
#509=LINE('',#2559,#687);
#510=LINE('',#2560,#688);
#511=LINE('',#2562,#689);
#512=LINE('',#2563,#690);
#513=LINE('',#2567,#691);
#514=LINE('',#2569,#692);
#515=LINE('',#2571,#693);
#516=LINE('',#2572,#694);
#517=LINE('',#2575,#695);
#518=LINE('',#2577,#696);
#519=LINE('',#2578,#697);
#520=LINE('',#2581,#698);
#521=LINE('',#2583,#699);
#522=LINE('',#2584,#700);
#523=LINE('',#2586,#701);
#524=LINE('',#2587,#702);
#525=VECTOR('',#1746,1.55);
#526=VECTOR('',#1753,1.55);
#527=VECTOR('',#1760,1.55);
#528=VECTOR('',#1767,1.55);
#529=VECTOR('',#1774,2.4);
#530=VECTOR('',#1783,2.4);
#531=VECTOR('',#1792,2.4);
#532=VECTOR('',#1801,2.4);
#533=VECTOR('',#1808,10.);
#534=VECTOR('',#1809,10.);
#535=VECTOR('',#1810,10.);
#536=VECTOR('',#1811,10.);
#537=VECTOR('',#1814,10.);
#538=VECTOR('',#1815,10.);
#539=VECTOR('',#1816,10.);
#540=VECTOR('',#1819,10.);
#541=VECTOR('',#1820,10.);
#542=VECTOR('',#1821,10.);
#543=VECTOR('',#1824,10.);
#544=VECTOR('',#1825,10.);
#545=VECTOR('',#1828,10.);
#546=VECTOR('',#1829,10.);
#547=VECTOR('',#1830,10.);
#548=VECTOR('',#1831,10.);
#549=VECTOR('',#1834,10.);
#550=VECTOR('',#1835,10.);
#551=VECTOR('',#1836,10.);
#552=VECTOR('',#1839,10.);
#553=VECTOR('',#1840,10.);
#554=VECTOR('',#1843,10.);
#555=VECTOR('',#1844,10.);
#556=VECTOR('',#1847,10.);
#557=VECTOR('',#1850,10.);
#558=VECTOR('',#1851,10.);
#559=VECTOR('',#1852,10.);
#560=VECTOR('',#1853,10.);
#561=VECTOR('',#1856,10.);
#562=VECTOR('',#1857,10.);
#563=VECTOR('',#1858,10.);
#564=VECTOR('',#1861,10.);
#565=VECTOR('',#1862,10.);
#566=VECTOR('',#1865,10.);
#567=VECTOR('',#1866,10.);
#568=VECTOR('',#1869,10.);
#569=VECTOR('',#1872,10.);
#570=VECTOR('',#1873,10.);
#571=VECTOR('',#1874,10.);
#572=VECTOR('',#1875,10.);
#573=VECTOR('',#1878,10.);
#574=VECTOR('',#1879,10.);
#575=VECTOR('',#1880,10.);
#576=VECTOR('',#1883,10.);
#577=VECTOR('',#1884,10.);
#578=VECTOR('',#1885,10.);
#579=VECTOR('',#1888,10.);
#580=VECTOR('',#1889,10.);
#581=VECTOR('',#1898,3.);
#582=VECTOR('',#1909,3.);
#583=VECTOR('',#1920,3.);
#584=VECTOR('',#1931,3.);
#585=VECTOR('',#1940,1.55);
#586=VECTOR('',#1945,1.55);
#587=VECTOR('',#1950,1.55);
#588=VECTOR('',#1955,1.55);
#589=VECTOR('',#1960,10.);
#590=VECTOR('',#1961,10.);
#591=VECTOR('',#1962,10.);
#592=VECTOR('',#1963,10.);
#593=VECTOR('',#1966,10.);
#594=VECTOR('',#1967,10.);
#595=VECTOR('',#1968,10.);
#596=VECTOR('',#1971,10.);
#597=VECTOR('',#1972,10.);
#598=VECTOR('',#1973,10.);
#599=VECTOR('',#1976,10.);
#600=VECTOR('',#1977,10.);
#601=VECTOR('',#1980,10.);
#602=VECTOR('',#1981,10.);
#603=VECTOR('',#1982,10.);
#604=VECTOR('',#1983,10.);
#605=VECTOR('',#1986,10.);
#606=VECTOR('',#1987,10.);
#607=VECTOR('',#1988,10.);
#608=VECTOR('',#1991,10.);
#609=VECTOR('',#1992,10.);
#610=VECTOR('',#1993,10.);
#611=VECTOR('',#1996,10.);
#612=VECTOR('',#1997,10.);
#613=VECTOR('',#2000,10.);
#614=VECTOR('',#2001,10.);
#615=VECTOR('',#2002,10.);
#616=VECTOR('',#2003,10.);
#617=VECTOR('',#2006,10.);
#618=VECTOR('',#2007,10.);
#619=VECTOR('',#2008,10.);
#620=VECTOR('',#2011,10.);
#621=VECTOR('',#2012,10.);
#622=VECTOR('',#2013,10.);
#623=VECTOR('',#2016,10.);
#624=VECTOR('',#2017,10.);
#625=VECTOR('',#2020,10.);
#626=VECTOR('',#2021,10.);
#627=VECTOR('',#2022,10.);
#628=VECTOR('',#2023,10.);
#629=VECTOR('',#2026,10.);
#630=VECTOR('',#2027,10.);
#631=VECTOR('',#2028,10.);
#632=VECTOR('',#2031,10.);
#633=VECTOR('',#2032,10.);
#634=VECTOR('',#2033,10.);
#635=VECTOR('',#2036,10.);
#636=VECTOR('',#2037,10.);
#637=VECTOR('',#2040,10.);
#638=VECTOR('',#2041,10.);
#639=VECTOR('',#2042,10.);
#640=VECTOR('',#2043,10.);
#641=VECTOR('',#2046,10.);
#642=VECTOR('',#2047,10.);
#643=VECTOR('',#2048,10.);
#644=VECTOR('',#2051,10.);
#645=VECTOR('',#2052,10.);
#646=VECTOR('',#2053,10.);
#647=VECTOR('',#2056,10.);
#648=VECTOR('',#2057,10.);
#649=VECTOR('',#2060,10.);
#650=VECTOR('',#2061,10.);
#651=VECTOR('',#2062,10.);
#652=VECTOR('',#2063,10.);
#653=VECTOR('',#2066,10.);
#654=VECTOR('',#2067,10.);
#655=VECTOR('',#2068,10.);
#656=VECTOR('',#2071,10.);
#657=VECTOR('',#2072,10.);
#658=VECTOR('',#2073,10.);
#659=VECTOR('',#2076,10.);
#660=VECTOR('',#2077,10.);
#661=VECTOR('',#2080,10.);
#662=VECTOR('',#2081,10.);
#663=VECTOR('',#2082,10.);
#664=VECTOR('',#2083,10.);
#665=VECTOR('',#2086,10.);
#666=VECTOR('',#2087,10.);
#667=VECTOR('',#2088,10.);
#668=VECTOR('',#2091,10.);
#669=VECTOR('',#2092,10.);
#670=VECTOR('',#2093,10.);
#671=VECTOR('',#2096,10.);
#672=VECTOR('',#2097,10.);
#673=VECTOR('',#2100,10.);
#674=VECTOR('',#2101,10.);
#675=VECTOR('',#2102,10.);
#676=VECTOR('',#2103,10.);
#677=VECTOR('',#2106,10.);
#678=VECTOR('',#2107,10.);
#679=VECTOR('',#2108,10.);
#680=VECTOR('',#2111,10.);
#681=VECTOR('',#2112,10.);
#682=VECTOR('',#2113,10.);
#683=VECTOR('',#2116,10.);
#684=VECTOR('',#2117,10.);
#685=VECTOR('',#2118,10.);
#686=VECTOR('',#2121,10.);
#687=VECTOR('',#2122,10.);
#688=VECTOR('',#2123,10.);
#689=VECTOR('',#2126,10.);
#690=VECTOR('',#2127,10.);
#691=VECTOR('',#2130,10.);
#692=VECTOR('',#2131,10.);
#693=VECTOR('',#2132,10.);
#694=VECTOR('',#2133,10.);
#695=VECTOR('',#2136,10.);
#696=VECTOR('',#2137,10.);
#697=VECTOR('',#2138,10.);
#698=VECTOR('',#2141,10.);
#699=VECTOR('',#2142,10.);
#700=VECTOR('',#2143,10.);
#701=VECTOR('',#2146,10.);
#702=VECTOR('',#2147,10.);
#703=CIRCLE('',#1622,1.55);
#704=CIRCLE('',#1623,1.55);
#705=CIRCLE('',#1625,1.55);
#706=CIRCLE('',#1626,1.55);
#707=CIRCLE('',#1628,1.55);
#708=CIRCLE('',#1629,1.55);
#709=CIRCLE('',#1631,1.55);
#710=CIRCLE('',#1632,1.55);
#711=CIRCLE('',#1634,2.4);
#712=CIRCLE('',#1635,2.4);
#713=CIRCLE('',#1638,2.4);
#714=CIRCLE('',#1639,2.4);
#715=CIRCLE('',#1642,2.4);
#716=CIRCLE('',#1643,2.4);
#717=CIRCLE('',#1646,2.4);
#718=CIRCLE('',#1647,2.4);
#719=CIRCLE('',#1670,3.);
#720=CIRCLE('',#1671,3.);
#721=CIRCLE('',#1673,1.55);
#722=CIRCLE('',#1675,3.);
#723=CIRCLE('',#1676,3.);
#724=CIRCLE('',#1678,1.55);
#725=CIRCLE('',#1680,3.);
#726=CIRCLE('',#1681,3.);
#727=CIRCLE('',#1683,1.55);
#728=CIRCLE('',#1685,3.);
#729=CIRCLE('',#1686,3.);
#730=CIRCLE('',#1688,1.55);
#731=CIRCLE('',#1690,1.55);
#732=CIRCLE('',#1692,1.55);
#733=CIRCLE('',#1694,1.55);
#734=CIRCLE('',#1696,1.55);
#735=VERTEX_POINT('',#2157);
#736=VERTEX_POINT('',#2159);
#737=VERTEX_POINT('',#2163);
#738=VERTEX_POINT('',#2165);
#739=VERTEX_POINT('',#2169);
#740=VERTEX_POINT('',#2171);
#741=VERTEX_POINT('',#2175);
#742=VERTEX_POINT('',#2177);
#743=VERTEX_POINT('',#2181);
#744=VERTEX_POINT('',#2183);
#745=VERTEX_POINT('',#2188);
#746=VERTEX_POINT('',#2190);
#747=VERTEX_POINT('',#2195);
#748=VERTEX_POINT('',#2197);
#749=VERTEX_POINT('',#2202);
#750=VERTEX_POINT('',#2204);
#751=VERTEX_POINT('',#2209);
#752=VERTEX_POINT('',#2210);
#753=VERTEX_POINT('',#2212);
#754=VERTEX_POINT('',#2214);
#755=VERTEX_POINT('',#2218);
#756=VERTEX_POINT('',#2220);
#757=VERTEX_POINT('',#2224);
#758=VERTEX_POINT('',#2226);
#759=VERTEX_POINT('',#2233);
#760=VERTEX_POINT('',#2234);
#761=VERTEX_POINT('',#2236);
#762=VERTEX_POINT('',#2238);
#763=VERTEX_POINT('',#2242);
#764=VERTEX_POINT('',#2244);
#765=VERTEX_POINT('',#2248);
#766=VERTEX_POINT('',#2252);
#767=VERTEX_POINT('',#2258);
#768=VERTEX_POINT('',#2259);
#769=VERTEX_POINT('',#2261);
#770=VERTEX_POINT('',#2263);
#771=VERTEX_POINT('',#2267);
#772=VERTEX_POINT('',#2269);
#773=VERTEX_POINT('',#2273);
#774=VERTEX_POINT('',#2277);
#775=VERTEX_POINT('',#2283);
#776=VERTEX_POINT('',#2284);
#777=VERTEX_POINT('',#2286);
#778=VERTEX_POINT('',#2288);
#779=VERTEX_POINT('',#2292);
#780=VERTEX_POINT('',#2294);
#781=VERTEX_POINT('',#2298);
#782=VERTEX_POINT('',#2300);
#783=VERTEX_POINT('',#2309);
#784=VERTEX_POINT('',#2311);
#785=VERTEX_POINT('',#2315);
#786=VERTEX_POINT('',#2318);
#787=VERTEX_POINT('',#2320);
#788=VERTEX_POINT('',#2324);
#789=VERTEX_POINT('',#2327);
#790=VERTEX_POINT('',#2329);
#791=VERTEX_POINT('',#2333);
#792=VERTEX_POINT('',#2336);
#793=VERTEX_POINT('',#2338);
#794=VERTEX_POINT('',#2342);
#795=VERTEX_POINT('',#2345);
#796=VERTEX_POINT('',#2349);
#797=VERTEX_POINT('',#2353);
#798=VERTEX_POINT('',#2357);
#799=VERTEX_POINT('',#2361);
#800=VERTEX_POINT('',#2362);
#801=VERTEX_POINT('',#2364);
#802=VERTEX_POINT('',#2366);
#803=VERTEX_POINT('',#2370);
#804=VERTEX_POINT('',#2372);
#805=VERTEX_POINT('',#2376);
#806=VERTEX_POINT('',#2378);
#807=VERTEX_POINT('',#2385);
#808=VERTEX_POINT('',#2386);
#809=VERTEX_POINT('',#2388);
#810=VERTEX_POINT('',#2390);
#811=VERTEX_POINT('',#2394);
#812=VERTEX_POINT('',#2396);
#813=VERTEX_POINT('',#2400);
#814=VERTEX_POINT('',#2402);
#815=VERTEX_POINT('',#2409);
#816=VERTEX_POINT('',#2410);
#817=VERTEX_POINT('',#2412);
#818=VERTEX_POINT('',#2414);
#819=VERTEX_POINT('',#2418);
#820=VERTEX_POINT('',#2420);
#821=VERTEX_POINT('',#2424);
#822=VERTEX_POINT('',#2426);
#823=VERTEX_POINT('',#2433);
#824=VERTEX_POINT('',#2434);
#825=VERTEX_POINT('',#2436);
#826=VERTEX_POINT('',#2438);
#827=VERTEX_POINT('',#2442);
#828=VERTEX_POINT('',#2444);
#829=VERTEX_POINT('',#2448);
#830=VERTEX_POINT('',#2450);
#831=VERTEX_POINT('',#2457);
#832=VERTEX_POINT('',#2458);
#833=VERTEX_POINT('',#2460);
#834=VERTEX_POINT('',#2462);
#835=VERTEX_POINT('',#2466);
#836=VERTEX_POINT('',#2468);
#837=VERTEX_POINT('',#2472);
#838=VERTEX_POINT('',#2474);
#839=VERTEX_POINT('',#2481);
#840=VERTEX_POINT('',#2482);
#841=VERTEX_POINT('',#2484);
#842=VERTEX_POINT('',#2486);
#843=VERTEX_POINT('',#2490);
#844=VERTEX_POINT('',#2492);
#845=VERTEX_POINT('',#2496);
#846=VERTEX_POINT('',#2498);
#847=VERTEX_POINT('',#2505);
#848=VERTEX_POINT('',#2506);
#849=VERTEX_POINT('',#2508);
#850=VERTEX_POINT('',#2510);
#851=VERTEX_POINT('',#2514);
#852=VERTEX_POINT('',#2516);
#853=VERTEX_POINT('',#2520);
#854=VERTEX_POINT('',#2522);
#855=VERTEX_POINT('',#2529);
#856=VERTEX_POINT('',#2530);
#857=VERTEX_POINT('',#2532);
#858=VERTEX_POINT('',#2534);
#859=VERTEX_POINT('',#2538);
#860=VERTEX_POINT('',#2540);
#861=VERTEX_POINT('',#2544);
#862=VERTEX_POINT('',#2546);
#863=VERTEX_POINT('',#2550);
#864=VERTEX_POINT('',#2552);
#865=VERTEX_POINT('',#2556);
#866=VERTEX_POINT('',#2558);
#867=VERTEX_POINT('',#2565);
#868=VERTEX_POINT('',#2566);
#869=VERTEX_POINT('',#2568);
#870=VERTEX_POINT('',#2570);
#871=VERTEX_POINT('',#2574);
#872=VERTEX_POINT('',#2576);
#873=VERTEX_POINT('',#2580);
#874=VERTEX_POINT('',#2582);
#875=EDGE_CURVE('',#735,#735,#703,.T.);
#876=EDGE_CURVE('',#735,#736,#347,.T.);
#877=EDGE_CURVE('',#736,#736,#704,.T.);
#878=EDGE_CURVE('',#737,#737,#705,.T.);
#879=EDGE_CURVE('',#737,#738,#348,.T.);
#880=EDGE_CURVE('',#738,#738,#706,.T.);
#881=EDGE_CURVE('',#739,#739,#707,.T.);
#882=EDGE_CURVE('',#739,#740,#349,.T.);
#883=EDGE_CURVE('',#740,#740,#708,.T.);
#884=EDGE_CURVE('',#741,#741,#709,.T.);
#885=EDGE_CURVE('',#741,#742,#350,.T.);
#886=EDGE_CURVE('',#742,#742,#710,.T.);
#887=EDGE_CURVE('',#743,#743,#711,.T.);
#888=EDGE_CURVE('',#743,#744,#351,.T.);
#889=EDGE_CURVE('',#744,#744,#712,.T.);
#890=EDGE_CURVE('',#745,#745,#713,.T.);
#891=EDGE_CURVE('',#745,#746,#352,.T.);
#892=EDGE_CURVE('',#746,#746,#714,.T.);
#893=EDGE_CURVE('',#747,#747,#715,.T.);
#894=EDGE_CURVE('',#747,#748,#353,.T.);
#895=EDGE_CURVE('',#748,#748,#716,.T.);
#896=EDGE_CURVE('',#749,#749,#717,.T.);
#897=EDGE_CURVE('',#749,#750,#354,.T.);
#898=EDGE_CURVE('',#750,#750,#718,.T.);
#899=EDGE_CURVE('',#751,#752,#355,.T.);
#900=EDGE_CURVE('',#752,#753,#356,.T.);
#901=EDGE_CURVE('',#754,#753,#357,.T.);
#902=EDGE_CURVE('',#751,#754,#358,.T.);
#903=EDGE_CURVE('',#755,#751,#359,.T.);
#904=EDGE_CURVE('',#756,#754,#360,.T.);
#905=EDGE_CURVE('',#755,#756,#361,.T.);
#906=EDGE_CURVE('',#757,#755,#362,.T.);
#907=EDGE_CURVE('',#758,#756,#363,.T.);
#908=EDGE_CURVE('',#757,#758,#364,.T.);
#909=EDGE_CURVE('',#752,#757,#365,.T.);
#910=EDGE_CURVE('',#753,#758,#366,.T.);
#911=EDGE_CURVE('',#759,#760,#367,.T.);
#912=EDGE_CURVE('',#760,#761,#368,.T.);
#913=EDGE_CURVE('',#761,#762,#369,.T.);
#914=EDGE_CURVE('',#762,#759,#370,.T.);
#915=EDGE_CURVE('',#763,#762,#371,.T.);
#916=EDGE_CURVE('',#763,#764,#372,.T.);
#917=EDGE_CURVE('',#764,#759,#373,.T.);
#918=EDGE_CURVE('',#764,#765,#374,.T.);
#919=EDGE_CURVE('',#765,#760,#375,.T.);
#920=EDGE_CURVE('',#765,#766,#376,.T.);
#921=EDGE_CURVE('',#766,#761,#377,.T.);
#922=EDGE_CURVE('',#766,#763,#378,.T.);
#923=EDGE_CURVE('',#767,#768,#379,.T.);
#924=EDGE_CURVE('',#768,#769,#380,.T.);
#925=EDGE_CURVE('',#769,#770,#381,.T.);
#926=EDGE_CURVE('',#770,#767,#382,.T.);
#927=EDGE_CURVE('',#769,#771,#383,.T.);
#928=EDGE_CURVE('',#771,#772,#384,.T.);
#929=EDGE_CURVE('',#770,#772,#385,.T.);
#930=EDGE_CURVE('',#772,#773,#386,.T.);
#931=EDGE_CURVE('',#767,#773,#387,.T.);
#932=EDGE_CURVE('',#768,#774,#388,.T.);
#933=EDGE_CURVE('',#774,#771,#389,.T.);
#934=EDGE_CURVE('',#773,#774,#390,.T.);
#935=EDGE_CURVE('',#775,#776,#391,.T.);
#936=EDGE_CURVE('',#776,#777,#392,.T.);
#937=EDGE_CURVE('',#777,#778,#393,.T.);
#938=EDGE_CURVE('',#775,#778,#394,.T.);
#939=EDGE_CURVE('',#776,#779,#395,.T.);
#940=EDGE_CURVE('',#779,#780,#396,.T.);
#941=EDGE_CURVE('',#780,#777,#397,.T.);
#942=EDGE_CURVE('',#779,#781,#398,.T.);
#943=EDGE_CURVE('',#781,#782,#399,.T.);
#944=EDGE_CURVE('',#782,#780,#400,.T.);
#945=EDGE_CURVE('',#781,#775,#401,.T.);
#946=EDGE_CURVE('',#778,#782,#402,.T.);
#947=EDGE_CURVE('',#783,#783,#719,.T.);
#948=EDGE_CURVE('',#783,#784,#403,.T.);
#949=EDGE_CURVE('',#784,#784,#720,.T.);
#950=EDGE_CURVE('',#785,#785,#721,.T.);
#951=EDGE_CURVE('',#786,#786,#722,.T.);
#952=EDGE_CURVE('',#786,#787,#404,.T.);
#953=EDGE_CURVE('',#787,#787,#723,.T.);
#954=EDGE_CURVE('',#788,#788,#724,.T.);
#955=EDGE_CURVE('',#789,#789,#725,.T.);
#956=EDGE_CURVE('',#789,#790,#405,.T.);
#957=EDGE_CURVE('',#790,#790,#726,.T.);
#958=EDGE_CURVE('',#791,#791,#727,.T.);
#959=EDGE_CURVE('',#792,#792,#728,.T.);
#960=EDGE_CURVE('',#792,#793,#406,.T.);
#961=EDGE_CURVE('',#793,#793,#729,.T.);
#962=EDGE_CURVE('',#794,#794,#730,.T.);
#963=EDGE_CURVE('',#788,#795,#407,.T.);
#964=EDGE_CURVE('',#795,#795,#731,.T.);
#965=EDGE_CURVE('',#785,#796,#408,.T.);
#966=EDGE_CURVE('',#796,#796,#732,.T.);
#967=EDGE_CURVE('',#794,#797,#409,.T.);
#968=EDGE_CURVE('',#797,#797,#733,.T.);
#969=EDGE_CURVE('',#791,#798,#410,.T.);
#970=EDGE_CURVE('',#798,#798,#734,.T.);
#971=EDGE_CURVE('',#799,#800,#411,.T.);
#972=EDGE_CURVE('',#800,#801,#412,.T.);
#973=EDGE_CURVE('',#802,#801,#413,.T.);
#974=EDGE_CURVE('',#799,#802,#414,.T.);
#975=EDGE_CURVE('',#803,#799,#415,.T.);
#976=EDGE_CURVE('',#804,#802,#416,.T.);
#977=EDGE_CURVE('',#803,#804,#417,.T.);
#978=EDGE_CURVE('',#805,#803,#418,.T.);
#979=EDGE_CURVE('',#806,#804,#419,.T.);
#980=EDGE_CURVE('',#805,#806,#420,.T.);
#981=EDGE_CURVE('',#800,#805,#421,.T.);
#982=EDGE_CURVE('',#801,#806,#422,.T.);
#983=EDGE_CURVE('',#807,#808,#423,.T.);
#984=EDGE_CURVE('',#808,#809,#424,.T.);
#985=EDGE_CURVE('',#810,#809,#425,.T.);
#986=EDGE_CURVE('',#807,#810,#426,.T.);
#987=EDGE_CURVE('',#811,#807,#427,.T.);
#988=EDGE_CURVE('',#812,#810,#428,.T.);
#989=EDGE_CURVE('',#811,#812,#429,.T.);
#990=EDGE_CURVE('',#813,#811,#430,.T.);
#991=EDGE_CURVE('',#814,#812,#431,.T.);
#992=EDGE_CURVE('',#813,#814,#432,.T.);
#993=EDGE_CURVE('',#808,#813,#433,.T.);
#994=EDGE_CURVE('',#809,#814,#434,.T.);
#995=EDGE_CURVE('',#815,#816,#435,.T.);
#996=EDGE_CURVE('',#816,#817,#436,.T.);
#997=EDGE_CURVE('',#818,#817,#437,.T.);
#998=EDGE_CURVE('',#815,#818,#438,.T.);
#999=EDGE_CURVE('',#819,#815,#439,.T.);
#1000=EDGE_CURVE('',#820,#818,#440,.T.);
#1001=EDGE_CURVE('',#819,#820,#441,.T.);
#1002=EDGE_CURVE('',#821,#819,#442,.T.);
#1003=EDGE_CURVE('',#822,#820,#443,.T.);
#1004=EDGE_CURVE('',#821,#822,#444,.T.);
#1005=EDGE_CURVE('',#816,#821,#445,.T.);
#1006=EDGE_CURVE('',#817,#822,#446,.T.);
#1007=EDGE_CURVE('',#823,#824,#447,.T.);
#1008=EDGE_CURVE('',#824,#825,#448,.T.);
#1009=EDGE_CURVE('',#826,#825,#449,.T.);
#1010=EDGE_CURVE('',#823,#826,#450,.T.);
#1011=EDGE_CURVE('',#827,#823,#451,.T.);
#1012=EDGE_CURVE('',#828,#826,#452,.T.);
#1013=EDGE_CURVE('',#827,#828,#453,.T.);
#1014=EDGE_CURVE('',#829,#827,#454,.T.);
#1015=EDGE_CURVE('',#830,#828,#455,.T.);
#1016=EDGE_CURVE('',#829,#830,#456,.T.);
#1017=EDGE_CURVE('',#824,#829,#457,.T.);
#1018=EDGE_CURVE('',#825,#830,#458,.T.);
#1019=EDGE_CURVE('',#831,#832,#459,.T.);
#1020=EDGE_CURVE('',#832,#833,#460,.T.);
#1021=EDGE_CURVE('',#834,#833,#461,.T.);
#1022=EDGE_CURVE('',#831,#834,#462,.T.);
#1023=EDGE_CURVE('',#835,#831,#463,.T.);
#1024=EDGE_CURVE('',#836,#834,#464,.T.);
#1025=EDGE_CURVE('',#835,#836,#465,.T.);
#1026=EDGE_CURVE('',#837,#835,#466,.T.);
#1027=EDGE_CURVE('',#838,#836,#467,.T.);
#1028=EDGE_CURVE('',#837,#838,#468,.T.);
#1029=EDGE_CURVE('',#832,#837,#469,.T.);
#1030=EDGE_CURVE('',#833,#838,#470,.T.);
#1031=EDGE_CURVE('',#839,#840,#471,.T.);
#1032=EDGE_CURVE('',#840,#841,#472,.T.);
#1033=EDGE_CURVE('',#842,#841,#473,.T.);
#1034=EDGE_CURVE('',#839,#842,#474,.T.);
#1035=EDGE_CURVE('',#843,#839,#475,.T.);
#1036=EDGE_CURVE('',#844,#842,#476,.T.);
#1037=EDGE_CURVE('',#843,#844,#477,.T.);
#1038=EDGE_CURVE('',#845,#843,#478,.T.);
#1039=EDGE_CURVE('',#846,#844,#479,.T.);
#1040=EDGE_CURVE('',#845,#846,#480,.T.);
#1041=EDGE_CURVE('',#840,#845,#481,.T.);
#1042=EDGE_CURVE('',#841,#846,#482,.T.);
#1043=EDGE_CURVE('',#847,#848,#483,.T.);
#1044=EDGE_CURVE('',#848,#849,#484,.T.);
#1045=EDGE_CURVE('',#850,#849,#485,.T.);
#1046=EDGE_CURVE('',#847,#850,#486,.T.);
#1047=EDGE_CURVE('',#851,#847,#487,.T.);
#1048=EDGE_CURVE('',#852,#850,#488,.T.);
#1049=EDGE_CURVE('',#851,#852,#489,.T.);
#1050=EDGE_CURVE('',#853,#851,#490,.T.);
#1051=EDGE_CURVE('',#854,#852,#491,.T.);
#1052=EDGE_CURVE('',#853,#854,#492,.T.);
#1053=EDGE_CURVE('',#848,#853,#493,.T.);
#1054=EDGE_CURVE('',#849,#854,#494,.T.);
#1055=EDGE_CURVE('',#855,#856,#495,.T.);
#1056=EDGE_CURVE('',#857,#856,#496,.T.);
#1057=EDGE_CURVE('',#858,#857,#497,.T.);
#1058=EDGE_CURVE('',#855,#858,#498,.T.);
#1059=EDGE_CURVE('',#858,#859,#499,.T.);
#1060=EDGE_CURVE('',#860,#857,#500,.T.);
#1061=EDGE_CURVE('',#859,#860,#501,.T.);
#1062=EDGE_CURVE('',#860,#861,#502,.T.);
#1063=EDGE_CURVE('',#862,#861,#503,.T.);
#1064=EDGE_CURVE('',#859,#862,#504,.T.);
#1065=EDGE_CURVE('',#863,#862,#505,.T.);
#1066=EDGE_CURVE('',#864,#863,#506,.T.);
#1067=EDGE_CURVE('',#864,#855,#507,.T.);
#1068=EDGE_CURVE('',#865,#864,#508,.T.);
#1069=EDGE_CURVE('',#866,#863,#509,.T.);
#1070=EDGE_CURVE('',#865,#866,#510,.T.);
#1071=EDGE_CURVE('',#856,#865,#511,.T.);
#1072=EDGE_CURVE('',#861,#866,#512,.T.);
#1073=EDGE_CURVE('',#867,#868,#513,.T.);
#1074=EDGE_CURVE('',#867,#869,#514,.T.);
#1075=EDGE_CURVE('',#870,#869,#515,.T.);
#1076=EDGE_CURVE('',#868,#870,#516,.T.);
#1077=EDGE_CURVE('',#868,#871,#517,.T.);
#1078=EDGE_CURVE('',#872,#870,#518,.T.);
#1079=EDGE_CURVE('',#871,#872,#519,.T.);
#1080=EDGE_CURVE('',#871,#873,#520,.T.);
#1081=EDGE_CURVE('',#874,#872,#521,.T.);
#1082=EDGE_CURVE('',#873,#874,#522,.T.);
#1083=EDGE_CURVE('',#873,#867,#523,.T.);
#1084=EDGE_CURVE('',#869,#874,#524,.T.);
#1085=ORIENTED_EDGE('',*,*,#875,.T.);
#1086=ORIENTED_EDGE('',*,*,#876,.T.);
#1087=ORIENTED_EDGE('',*,*,#877,.T.);
#1088=ORIENTED_EDGE('',*,*,#876,.F.);
#1089=ORIENTED_EDGE('',*,*,#878,.T.);
#1090=ORIENTED_EDGE('',*,*,#879,.T.);
#1091=ORIENTED_EDGE('',*,*,#880,.T.);
#1092=ORIENTED_EDGE('',*,*,#879,.F.);
#1093=ORIENTED_EDGE('',*,*,#881,.T.);
#1094=ORIENTED_EDGE('',*,*,#882,.T.);
#1095=ORIENTED_EDGE('',*,*,#883,.T.);
#1096=ORIENTED_EDGE('',*,*,#882,.F.);
#1097=ORIENTED_EDGE('',*,*,#884,.T.);
#1098=ORIENTED_EDGE('',*,*,#885,.T.);
#1099=ORIENTED_EDGE('',*,*,#886,.T.);
#1100=ORIENTED_EDGE('',*,*,#885,.F.);
#1101=ORIENTED_EDGE('',*,*,#887,.T.);
#1102=ORIENTED_EDGE('',*,*,#888,.T.);
#1103=ORIENTED_EDGE('',*,*,#889,.F.);
#1104=ORIENTED_EDGE('',*,*,#888,.F.);
#1105=ORIENTED_EDGE('',*,*,#889,.T.);
#1106=ORIENTED_EDGE('',*,*,#886,.F.);
#1107=ORIENTED_EDGE('',*,*,#890,.T.);
#1108=ORIENTED_EDGE('',*,*,#891,.T.);
#1109=ORIENTED_EDGE('',*,*,#892,.F.);
#1110=ORIENTED_EDGE('',*,*,#891,.F.);
#1111=ORIENTED_EDGE('',*,*,#892,.T.);
#1112=ORIENTED_EDGE('',*,*,#883,.F.);
#1113=ORIENTED_EDGE('',*,*,#893,.T.);
#1114=ORIENTED_EDGE('',*,*,#894,.T.);
#1115=ORIENTED_EDGE('',*,*,#895,.F.);
#1116=ORIENTED_EDGE('',*,*,#894,.F.);
#1117=ORIENTED_EDGE('',*,*,#895,.T.);
#1118=ORIENTED_EDGE('',*,*,#880,.F.);
#1119=ORIENTED_EDGE('',*,*,#896,.T.);
#1120=ORIENTED_EDGE('',*,*,#897,.T.);
#1121=ORIENTED_EDGE('',*,*,#898,.F.);
#1122=ORIENTED_EDGE('',*,*,#897,.F.);
#1123=ORIENTED_EDGE('',*,*,#898,.T.);
#1124=ORIENTED_EDGE('',*,*,#877,.F.);
#1125=ORIENTED_EDGE('',*,*,#899,.T.);
#1126=ORIENTED_EDGE('',*,*,#900,.T.);
#1127=ORIENTED_EDGE('',*,*,#901,.F.);
#1128=ORIENTED_EDGE('',*,*,#902,.F.);
#1129=ORIENTED_EDGE('',*,*,#903,.T.);
#1130=ORIENTED_EDGE('',*,*,#902,.T.);
#1131=ORIENTED_EDGE('',*,*,#904,.F.);
#1132=ORIENTED_EDGE('',*,*,#905,.F.);
#1133=ORIENTED_EDGE('',*,*,#906,.T.);
#1134=ORIENTED_EDGE('',*,*,#905,.T.);
#1135=ORIENTED_EDGE('',*,*,#907,.F.);
#1136=ORIENTED_EDGE('',*,*,#908,.F.);
#1137=ORIENTED_EDGE('',*,*,#909,.T.);
#1138=ORIENTED_EDGE('',*,*,#908,.T.);
#1139=ORIENTED_EDGE('',*,*,#910,.F.);
#1140=ORIENTED_EDGE('',*,*,#900,.F.);
#1141=ORIENTED_EDGE('',*,*,#910,.T.);
#1142=ORIENTED_EDGE('',*,*,#907,.T.);
#1143=ORIENTED_EDGE('',*,*,#904,.T.);
#1144=ORIENTED_EDGE('',*,*,#901,.T.);
#1145=ORIENTED_EDGE('',*,*,#911,.T.);
#1146=ORIENTED_EDGE('',*,*,#912,.T.);
#1147=ORIENTED_EDGE('',*,*,#913,.T.);
#1148=ORIENTED_EDGE('',*,*,#914,.T.);
#1149=ORIENTED_EDGE('',*,*,#914,.F.);
#1150=ORIENTED_EDGE('',*,*,#915,.F.);
#1151=ORIENTED_EDGE('',*,*,#916,.T.);
#1152=ORIENTED_EDGE('',*,*,#917,.T.);
#1153=ORIENTED_EDGE('',*,*,#911,.F.);
#1154=ORIENTED_EDGE('',*,*,#917,.F.);
#1155=ORIENTED_EDGE('',*,*,#918,.T.);
#1156=ORIENTED_EDGE('',*,*,#919,.T.);
#1157=ORIENTED_EDGE('',*,*,#912,.F.);
#1158=ORIENTED_EDGE('',*,*,#919,.F.);
#1159=ORIENTED_EDGE('',*,*,#920,.T.);
#1160=ORIENTED_EDGE('',*,*,#921,.T.);
#1161=ORIENTED_EDGE('',*,*,#913,.F.);
#1162=ORIENTED_EDGE('',*,*,#921,.F.);
#1163=ORIENTED_EDGE('',*,*,#922,.T.);
#1164=ORIENTED_EDGE('',*,*,#915,.T.);
#1165=ORIENTED_EDGE('',*,*,#923,.T.);
#1166=ORIENTED_EDGE('',*,*,#924,.T.);
#1167=ORIENTED_EDGE('',*,*,#925,.T.);
#1168=ORIENTED_EDGE('',*,*,#926,.T.);
#1169=ORIENTED_EDGE('',*,*,#925,.F.);
#1170=ORIENTED_EDGE('',*,*,#927,.T.);
#1171=ORIENTED_EDGE('',*,*,#928,.T.);
#1172=ORIENTED_EDGE('',*,*,#929,.F.);
#1173=ORIENTED_EDGE('',*,*,#916,.F.);
#1174=ORIENTED_EDGE('',*,*,#922,.F.);
#1175=ORIENTED_EDGE('',*,*,#920,.F.);
#1176=ORIENTED_EDGE('',*,*,#918,.F.);
#1177=ORIENTED_EDGE('',*,*,#926,.F.);
#1178=ORIENTED_EDGE('',*,*,#929,.T.);
#1179=ORIENTED_EDGE('',*,*,#930,.T.);
#1180=ORIENTED_EDGE('',*,*,#931,.F.);
#1181=ORIENTED_EDGE('',*,*,#924,.F.);
#1182=ORIENTED_EDGE('',*,*,#932,.T.);
#1183=ORIENTED_EDGE('',*,*,#933,.T.);
#1184=ORIENTED_EDGE('',*,*,#927,.F.);
#1185=ORIENTED_EDGE('',*,*,#923,.F.);
#1186=ORIENTED_EDGE('',*,*,#931,.T.);
#1187=ORIENTED_EDGE('',*,*,#934,.T.);
#1188=ORIENTED_EDGE('',*,*,#932,.F.);
#1189=ORIENTED_EDGE('',*,*,#935,.T.);
#1190=ORIENTED_EDGE('',*,*,#936,.T.);
#1191=ORIENTED_EDGE('',*,*,#937,.T.);
#1192=ORIENTED_EDGE('',*,*,#938,.F.);
#1193=ORIENTED_EDGE('',*,*,#939,.T.);
#1194=ORIENTED_EDGE('',*,*,#940,.T.);
#1195=ORIENTED_EDGE('',*,*,#941,.T.);
#1196=ORIENTED_EDGE('',*,*,#936,.F.);
#1197=ORIENTED_EDGE('',*,*,#899,.F.);
#1198=ORIENTED_EDGE('',*,*,#903,.F.);
#1199=ORIENTED_EDGE('',*,*,#906,.F.);
#1200=ORIENTED_EDGE('',*,*,#909,.F.);
#1201=ORIENTED_EDGE('',*,*,#942,.T.);
#1202=ORIENTED_EDGE('',*,*,#943,.T.);
#1203=ORIENTED_EDGE('',*,*,#944,.T.);
#1204=ORIENTED_EDGE('',*,*,#940,.F.);
#1205=ORIENTED_EDGE('',*,*,#945,.T.);
#1206=ORIENTED_EDGE('',*,*,#938,.T.);
#1207=ORIENTED_EDGE('',*,*,#946,.T.);
#1208=ORIENTED_EDGE('',*,*,#943,.F.);
#1209=ORIENTED_EDGE('',*,*,#946,.F.);
#1210=ORIENTED_EDGE('',*,*,#937,.F.);
#1211=ORIENTED_EDGE('',*,*,#941,.F.);
#1212=ORIENTED_EDGE('',*,*,#944,.F.);
#1213=ORIENTED_EDGE('',*,*,#875,.F.);
#1214=ORIENTED_EDGE('',*,*,#878,.F.);
#1215=ORIENTED_EDGE('',*,*,#881,.F.);
#1216=ORIENTED_EDGE('',*,*,#884,.F.);
#1217=ORIENTED_EDGE('',*,*,#934,.F.);
#1218=ORIENTED_EDGE('',*,*,#930,.F.);
#1219=ORIENTED_EDGE('',*,*,#928,.F.);
#1220=ORIENTED_EDGE('',*,*,#933,.F.);
#1221=ORIENTED_EDGE('',*,*,#945,.F.);
#1222=ORIENTED_EDGE('',*,*,#942,.F.);
#1223=ORIENTED_EDGE('',*,*,#939,.F.);
#1224=ORIENTED_EDGE('',*,*,#935,.F.);
#1225=ORIENTED_EDGE('',*,*,#887,.F.);
#1226=ORIENTED_EDGE('',*,*,#890,.F.);
#1227=ORIENTED_EDGE('',*,*,#893,.F.);
#1228=ORIENTED_EDGE('',*,*,#896,.F.);
#1229=ORIENTED_EDGE('',*,*,#947,.F.);
#1230=ORIENTED_EDGE('',*,*,#948,.T.);
#1231=ORIENTED_EDGE('',*,*,#949,.T.);
#1232=ORIENTED_EDGE('',*,*,#948,.F.);
#1233=ORIENTED_EDGE('',*,*,#949,.F.);
#1234=ORIENTED_EDGE('',*,*,#950,.F.);
#1235=ORIENTED_EDGE('',*,*,#951,.F.);
#1236=ORIENTED_EDGE('',*,*,#952,.T.);
#1237=ORIENTED_EDGE('',*,*,#953,.T.);
#1238=ORIENTED_EDGE('',*,*,#952,.F.);
#1239=ORIENTED_EDGE('',*,*,#953,.F.);
#1240=ORIENTED_EDGE('',*,*,#954,.F.);
#1241=ORIENTED_EDGE('',*,*,#955,.F.);
#1242=ORIENTED_EDGE('',*,*,#956,.T.);
#1243=ORIENTED_EDGE('',*,*,#957,.T.);
#1244=ORIENTED_EDGE('',*,*,#956,.F.);
#1245=ORIENTED_EDGE('',*,*,#957,.F.);
#1246=ORIENTED_EDGE('',*,*,#958,.F.);
#1247=ORIENTED_EDGE('',*,*,#959,.F.);
#1248=ORIENTED_EDGE('',*,*,#960,.T.);
#1249=ORIENTED_EDGE('',*,*,#961,.T.);
#1250=ORIENTED_EDGE('',*,*,#960,.F.);
#1251=ORIENTED_EDGE('',*,*,#961,.F.);
#1252=ORIENTED_EDGE('',*,*,#962,.F.);
#1253=ORIENTED_EDGE('',*,*,#954,.T.);
#1254=ORIENTED_EDGE('',*,*,#963,.T.);
#1255=ORIENTED_EDGE('',*,*,#964,.F.);
#1256=ORIENTED_EDGE('',*,*,#963,.F.);
#1257=ORIENTED_EDGE('',*,*,#950,.T.);
#1258=ORIENTED_EDGE('',*,*,#965,.T.);
#1259=ORIENTED_EDGE('',*,*,#966,.F.);
#1260=ORIENTED_EDGE('',*,*,#965,.F.);
#1261=ORIENTED_EDGE('',*,*,#962,.T.);
#1262=ORIENTED_EDGE('',*,*,#967,.T.);
#1263=ORIENTED_EDGE('',*,*,#968,.F.);
#1264=ORIENTED_EDGE('',*,*,#967,.F.);
#1265=ORIENTED_EDGE('',*,*,#958,.T.);
#1266=ORIENTED_EDGE('',*,*,#969,.T.);
#1267=ORIENTED_EDGE('',*,*,#970,.F.);
#1268=ORIENTED_EDGE('',*,*,#969,.F.);
#1269=ORIENTED_EDGE('',*,*,#971,.T.);
#1270=ORIENTED_EDGE('',*,*,#972,.T.);
#1271=ORIENTED_EDGE('',*,*,#973,.F.);
#1272=ORIENTED_EDGE('',*,*,#974,.F.);
#1273=ORIENTED_EDGE('',*,*,#975,.T.);
#1274=ORIENTED_EDGE('',*,*,#974,.T.);
#1275=ORIENTED_EDGE('',*,*,#976,.F.);
#1276=ORIENTED_EDGE('',*,*,#977,.F.);
#1277=ORIENTED_EDGE('',*,*,#978,.T.);
#1278=ORIENTED_EDGE('',*,*,#977,.T.);
#1279=ORIENTED_EDGE('',*,*,#979,.F.);
#1280=ORIENTED_EDGE('',*,*,#980,.F.);
#1281=ORIENTED_EDGE('',*,*,#981,.T.);
#1282=ORIENTED_EDGE('',*,*,#980,.T.);
#1283=ORIENTED_EDGE('',*,*,#982,.F.);
#1284=ORIENTED_EDGE('',*,*,#972,.F.);
#1285=ORIENTED_EDGE('',*,*,#983,.T.);
#1286=ORIENTED_EDGE('',*,*,#984,.T.);
#1287=ORIENTED_EDGE('',*,*,#985,.F.);
#1288=ORIENTED_EDGE('',*,*,#986,.F.);
#1289=ORIENTED_EDGE('',*,*,#987,.T.);
#1290=ORIENTED_EDGE('',*,*,#986,.T.);
#1291=ORIENTED_EDGE('',*,*,#988,.F.);
#1292=ORIENTED_EDGE('',*,*,#989,.F.);
#1293=ORIENTED_EDGE('',*,*,#990,.T.);
#1294=ORIENTED_EDGE('',*,*,#989,.T.);
#1295=ORIENTED_EDGE('',*,*,#991,.F.);
#1296=ORIENTED_EDGE('',*,*,#992,.F.);
#1297=ORIENTED_EDGE('',*,*,#993,.T.);
#1298=ORIENTED_EDGE('',*,*,#992,.T.);
#1299=ORIENTED_EDGE('',*,*,#994,.F.);
#1300=ORIENTED_EDGE('',*,*,#984,.F.);
#1301=ORIENTED_EDGE('',*,*,#995,.T.);
#1302=ORIENTED_EDGE('',*,*,#996,.T.);
#1303=ORIENTED_EDGE('',*,*,#997,.F.);
#1304=ORIENTED_EDGE('',*,*,#998,.F.);
#1305=ORIENTED_EDGE('',*,*,#999,.T.);
#1306=ORIENTED_EDGE('',*,*,#998,.T.);
#1307=ORIENTED_EDGE('',*,*,#1000,.F.);
#1308=ORIENTED_EDGE('',*,*,#1001,.F.);
#1309=ORIENTED_EDGE('',*,*,#1002,.T.);
#1310=ORIENTED_EDGE('',*,*,#1001,.T.);
#1311=ORIENTED_EDGE('',*,*,#1003,.F.);
#1312=ORIENTED_EDGE('',*,*,#1004,.F.);
#1313=ORIENTED_EDGE('',*,*,#1005,.T.);
#1314=ORIENTED_EDGE('',*,*,#1004,.T.);
#1315=ORIENTED_EDGE('',*,*,#1006,.F.);
#1316=ORIENTED_EDGE('',*,*,#996,.F.);
#1317=ORIENTED_EDGE('',*,*,#1007,.T.);
#1318=ORIENTED_EDGE('',*,*,#1008,.T.);
#1319=ORIENTED_EDGE('',*,*,#1009,.F.);
#1320=ORIENTED_EDGE('',*,*,#1010,.F.);
#1321=ORIENTED_EDGE('',*,*,#1011,.T.);
#1322=ORIENTED_EDGE('',*,*,#1010,.T.);
#1323=ORIENTED_EDGE('',*,*,#1012,.F.);
#1324=ORIENTED_EDGE('',*,*,#1013,.F.);
#1325=ORIENTED_EDGE('',*,*,#1014,.T.);
#1326=ORIENTED_EDGE('',*,*,#1013,.T.);
#1327=ORIENTED_EDGE('',*,*,#1015,.F.);
#1328=ORIENTED_EDGE('',*,*,#1016,.F.);
#1329=ORIENTED_EDGE('',*,*,#1017,.T.);
#1330=ORIENTED_EDGE('',*,*,#1016,.T.);
#1331=ORIENTED_EDGE('',*,*,#1018,.F.);
#1332=ORIENTED_EDGE('',*,*,#1008,.F.);
#1333=ORIENTED_EDGE('',*,*,#1019,.T.);
#1334=ORIENTED_EDGE('',*,*,#1020,.T.);
#1335=ORIENTED_EDGE('',*,*,#1021,.F.);
#1336=ORIENTED_EDGE('',*,*,#1022,.F.);
#1337=ORIENTED_EDGE('',*,*,#1023,.T.);
#1338=ORIENTED_EDGE('',*,*,#1022,.T.);
#1339=ORIENTED_EDGE('',*,*,#1024,.F.);
#1340=ORIENTED_EDGE('',*,*,#1025,.F.);
#1341=ORIENTED_EDGE('',*,*,#1026,.T.);
#1342=ORIENTED_EDGE('',*,*,#1025,.T.);
#1343=ORIENTED_EDGE('',*,*,#1027,.F.);
#1344=ORIENTED_EDGE('',*,*,#1028,.F.);
#1345=ORIENTED_EDGE('',*,*,#1029,.T.);
#1346=ORIENTED_EDGE('',*,*,#1028,.T.);
#1347=ORIENTED_EDGE('',*,*,#1030,.F.);
#1348=ORIENTED_EDGE('',*,*,#1020,.F.);
#1349=ORIENTED_EDGE('',*,*,#1031,.T.);
#1350=ORIENTED_EDGE('',*,*,#1032,.T.);
#1351=ORIENTED_EDGE('',*,*,#1033,.F.);
#1352=ORIENTED_EDGE('',*,*,#1034,.F.);
#1353=ORIENTED_EDGE('',*,*,#1035,.T.);
#1354=ORIENTED_EDGE('',*,*,#1034,.T.);
#1355=ORIENTED_EDGE('',*,*,#1036,.F.);
#1356=ORIENTED_EDGE('',*,*,#1037,.F.);
#1357=ORIENTED_EDGE('',*,*,#1038,.T.);
#1358=ORIENTED_EDGE('',*,*,#1037,.T.);
#1359=ORIENTED_EDGE('',*,*,#1039,.F.);
#1360=ORIENTED_EDGE('',*,*,#1040,.F.);
#1361=ORIENTED_EDGE('',*,*,#1041,.T.);
#1362=ORIENTED_EDGE('',*,*,#1040,.T.);
#1363=ORIENTED_EDGE('',*,*,#1042,.F.);
#1364=ORIENTED_EDGE('',*,*,#1032,.F.);
#1365=ORIENTED_EDGE('',*,*,#1043,.T.);
#1366=ORIENTED_EDGE('',*,*,#1044,.T.);
#1367=ORIENTED_EDGE('',*,*,#1045,.F.);
#1368=ORIENTED_EDGE('',*,*,#1046,.F.);
#1369=ORIENTED_EDGE('',*,*,#1047,.T.);
#1370=ORIENTED_EDGE('',*,*,#1046,.T.);
#1371=ORIENTED_EDGE('',*,*,#1048,.F.);
#1372=ORIENTED_EDGE('',*,*,#1049,.F.);
#1373=ORIENTED_EDGE('',*,*,#1050,.T.);
#1374=ORIENTED_EDGE('',*,*,#1049,.T.);
#1375=ORIENTED_EDGE('',*,*,#1051,.F.);
#1376=ORIENTED_EDGE('',*,*,#1052,.F.);
#1377=ORIENTED_EDGE('',*,*,#1053,.T.);
#1378=ORIENTED_EDGE('',*,*,#1052,.T.);
#1379=ORIENTED_EDGE('',*,*,#1054,.F.);
#1380=ORIENTED_EDGE('',*,*,#1044,.F.);
#1381=ORIENTED_EDGE('',*,*,#1055,.T.);
#1382=ORIENTED_EDGE('',*,*,#1056,.F.);
#1383=ORIENTED_EDGE('',*,*,#1057,.F.);
#1384=ORIENTED_EDGE('',*,*,#1058,.F.);
#1385=ORIENTED_EDGE('',*,*,#1059,.F.);
#1386=ORIENTED_EDGE('',*,*,#1057,.T.);
#1387=ORIENTED_EDGE('',*,*,#1060,.F.);
#1388=ORIENTED_EDGE('',*,*,#1061,.F.);
#1389=ORIENTED_EDGE('',*,*,#1054,.T.);
#1390=ORIENTED_EDGE('',*,*,#1051,.T.);
#1391=ORIENTED_EDGE('',*,*,#1048,.T.);
#1392=ORIENTED_EDGE('',*,*,#1045,.T.);
#1393=ORIENTED_EDGE('',*,*,#1042,.T.);
#1394=ORIENTED_EDGE('',*,*,#1039,.T.);
#1395=ORIENTED_EDGE('',*,*,#1036,.T.);
#1396=ORIENTED_EDGE('',*,*,#1033,.T.);
#1397=ORIENTED_EDGE('',*,*,#1030,.T.);
#1398=ORIENTED_EDGE('',*,*,#1027,.T.);
#1399=ORIENTED_EDGE('',*,*,#1024,.T.);
#1400=ORIENTED_EDGE('',*,*,#1021,.T.);
#1401=ORIENTED_EDGE('',*,*,#1018,.T.);
#1402=ORIENTED_EDGE('',*,*,#1015,.T.);
#1403=ORIENTED_EDGE('',*,*,#1012,.T.);
#1404=ORIENTED_EDGE('',*,*,#1009,.T.);
#1405=ORIENTED_EDGE('',*,*,#1006,.T.);
#1406=ORIENTED_EDGE('',*,*,#1003,.T.);
#1407=ORIENTED_EDGE('',*,*,#1000,.T.);
#1408=ORIENTED_EDGE('',*,*,#997,.T.);
#1409=ORIENTED_EDGE('',*,*,#994,.T.);
#1410=ORIENTED_EDGE('',*,*,#991,.T.);
#1411=ORIENTED_EDGE('',*,*,#988,.T.);
#1412=ORIENTED_EDGE('',*,*,#985,.T.);
#1413=ORIENTED_EDGE('',*,*,#982,.T.);
#1414=ORIENTED_EDGE('',*,*,#979,.T.);
#1415=ORIENTED_EDGE('',*,*,#976,.T.);
#1416=ORIENTED_EDGE('',*,*,#973,.T.);
#1417=ORIENTED_EDGE('',*,*,#1061,.T.);
#1418=ORIENTED_EDGE('',*,*,#1062,.T.);
#1419=ORIENTED_EDGE('',*,*,#1063,.F.);
#1420=ORIENTED_EDGE('',*,*,#1064,.F.);
#1421=ORIENTED_EDGE('',*,*,#1059,.T.);
#1422=ORIENTED_EDGE('',*,*,#1064,.T.);
#1423=ORIENTED_EDGE('',*,*,#1065,.F.);
#1424=ORIENTED_EDGE('',*,*,#1066,.F.);
#1425=ORIENTED_EDGE('',*,*,#1067,.T.);
#1426=ORIENTED_EDGE('',*,*,#1058,.T.);
#1427=ORIENTED_EDGE('',*,*,#1068,.T.);
#1428=ORIENTED_EDGE('',*,*,#1066,.T.);
#1429=ORIENTED_EDGE('',*,*,#1069,.F.);
#1430=ORIENTED_EDGE('',*,*,#1070,.F.);
#1431=ORIENTED_EDGE('',*,*,#1056,.T.);
#1432=ORIENTED_EDGE('',*,*,#1071,.T.);
#1433=ORIENTED_EDGE('',*,*,#1070,.T.);
#1434=ORIENTED_EDGE('',*,*,#1072,.F.);
#1435=ORIENTED_EDGE('',*,*,#1062,.F.);
#1436=ORIENTED_EDGE('',*,*,#1060,.T.);
#1437=ORIENTED_EDGE('',*,*,#1073,.F.);
#1438=ORIENTED_EDGE('',*,*,#1074,.T.);
#1439=ORIENTED_EDGE('',*,*,#1075,.F.);
#1440=ORIENTED_EDGE('',*,*,#1076,.F.);
#1441=ORIENTED_EDGE('',*,*,#1077,.F.);
#1442=ORIENTED_EDGE('',*,*,#1076,.T.);
#1443=ORIENTED_EDGE('',*,*,#1078,.F.);
#1444=ORIENTED_EDGE('',*,*,#1079,.F.);
#1445=ORIENTED_EDGE('',*,*,#1080,.F.);
#1446=ORIENTED_EDGE('',*,*,#1079,.T.);
#1447=ORIENTED_EDGE('',*,*,#1081,.F.);
#1448=ORIENTED_EDGE('',*,*,#1082,.F.);
#1449=ORIENTED_EDGE('',*,*,#1083,.F.);
#1450=ORIENTED_EDGE('',*,*,#1082,.T.);
#1451=ORIENTED_EDGE('',*,*,#1084,.F.);
#1452=ORIENTED_EDGE('',*,*,#1074,.F.);
#1453=ORIENTED_EDGE('',*,*,#1084,.T.);
#1454=ORIENTED_EDGE('',*,*,#1081,.T.);
#1455=ORIENTED_EDGE('',*,*,#1078,.T.);
#1456=ORIENTED_EDGE('',*,*,#1075,.T.);
#1457=ORIENTED_EDGE('',*,*,#947,.T.);
#1458=ORIENTED_EDGE('',*,*,#951,.T.);
#1459=ORIENTED_EDGE('',*,*,#955,.T.);
#1460=ORIENTED_EDGE('',*,*,#959,.T.);
#1461=ORIENTED_EDGE('',*,*,#1072,.T.);
#1462=ORIENTED_EDGE('',*,*,#1069,.T.);
#1463=ORIENTED_EDGE('',*,*,#1065,.T.);
#1464=ORIENTED_EDGE('',*,*,#1063,.T.);
#1465=ORIENTED_EDGE('',*,*,#1083,.T.);
#1466=ORIENTED_EDGE('',*,*,#1073,.T.);
#1467=ORIENTED_EDGE('',*,*,#1077,.T.);
#1468=ORIENTED_EDGE('',*,*,#1080,.T.);
#1469=ORIENTED_EDGE('',*,*,#966,.T.);
#1470=ORIENTED_EDGE('',*,*,#970,.T.);
#1471=ORIENTED_EDGE('',*,*,#981,.F.);
#1472=ORIENTED_EDGE('',*,*,#971,.F.);
#1473=ORIENTED_EDGE('',*,*,#975,.F.);
#1474=ORIENTED_EDGE('',*,*,#978,.F.);
#1475=ORIENTED_EDGE('',*,*,#993,.F.);
#1476=ORIENTED_EDGE('',*,*,#983,.F.);
#1477=ORIENTED_EDGE('',*,*,#987,.F.);
#1478=ORIENTED_EDGE('',*,*,#990,.F.);
#1479=ORIENTED_EDGE('',*,*,#1005,.F.);
#1480=ORIENTED_EDGE('',*,*,#995,.F.);
#1481=ORIENTED_EDGE('',*,*,#999,.F.);
#1482=ORIENTED_EDGE('',*,*,#1002,.F.);
#1483=ORIENTED_EDGE('',*,*,#1017,.F.);
#1484=ORIENTED_EDGE('',*,*,#1007,.F.);
#1485=ORIENTED_EDGE('',*,*,#1011,.F.);
#1486=ORIENTED_EDGE('',*,*,#1014,.F.);
#1487=ORIENTED_EDGE('',*,*,#1029,.F.);
#1488=ORIENTED_EDGE('',*,*,#1019,.F.);
#1489=ORIENTED_EDGE('',*,*,#1023,.F.);
#1490=ORIENTED_EDGE('',*,*,#1026,.F.);
#1491=ORIENTED_EDGE('',*,*,#1041,.F.);
#1492=ORIENTED_EDGE('',*,*,#1031,.F.);
#1493=ORIENTED_EDGE('',*,*,#1035,.F.);
#1494=ORIENTED_EDGE('',*,*,#1038,.F.);
#1495=ORIENTED_EDGE('',*,*,#1053,.F.);
#1496=ORIENTED_EDGE('',*,*,#1043,.F.);
#1497=ORIENTED_EDGE('',*,*,#1047,.F.);
#1498=ORIENTED_EDGE('',*,*,#1050,.F.);
#1499=ORIENTED_EDGE('',*,*,#1055,.F.);
#1500=ORIENTED_EDGE('',*,*,#1067,.F.);
#1501=ORIENTED_EDGE('',*,*,#1068,.F.);
#1502=ORIENTED_EDGE('',*,*,#1071,.F.);
#1503=ORIENTED_EDGE('',*,*,#968,.T.);
#1504=ORIENTED_EDGE('',*,*,#964,.T.);
#1505=CYLINDRICAL_SURFACE('',#1621,1.55);
#1506=CYLINDRICAL_SURFACE('',#1624,1.55);
#1507=CYLINDRICAL_SURFACE('',#1627,1.55);
#1508=CYLINDRICAL_SURFACE('',#1630,1.55);
#1509=CYLINDRICAL_SURFACE('',#1633,2.4);
#1510=CYLINDRICAL_SURFACE('',#1637,2.4);
#1511=CYLINDRICAL_SURFACE('',#1641,2.4);
#1512=CYLINDRICAL_SURFACE('',#1645,2.4);
#1513=CYLINDRICAL_SURFACE('',#1669,3.);
#1514=CYLINDRICAL_SURFACE('',#1674,3.);
#1515=CYLINDRICAL_SURFACE('',#1679,3.);
#1516=CYLINDRICAL_SURFACE('',#1684,3.);
#1517=CYLINDRICAL_SURFACE('',#1689,1.55);
#1518=CYLINDRICAL_SURFACE('',#1691,1.55);
#1519=CYLINDRICAL_SURFACE('',#1693,1.55);
#1520=CYLINDRICAL_SURFACE('',#1695,1.55);
#1521=ADVANCED_FACE('',(#135),#1505,.F.);
#1522=ADVANCED_FACE('',(#136),#1506,.F.);
#1523=ADVANCED_FACE('',(#137),#1507,.F.);
#1524=ADVANCED_FACE('',(#138),#1508,.F.);
#1525=ADVANCED_FACE('',(#139),#1509,.F.);
#1526=ADVANCED_FACE('',(#140,#23),#67,.T.);
#1527=ADVANCED_FACE('',(#141),#1510,.F.);
#1528=ADVANCED_FACE('',(#142,#24),#68,.T.);
#1529=ADVANCED_FACE('',(#143),#1511,.F.);
#1530=ADVANCED_FACE('',(#144,#25),#69,.T.);
#1531=ADVANCED_FACE('',(#145),#1512,.F.);
#1532=ADVANCED_FACE('',(#146,#26),#70,.T.);
#1533=ADVANCED_FACE('',(#147),#71,.T.);
#1534=ADVANCED_FACE('',(#148),#72,.T.);
#1535=ADVANCED_FACE('',(#149),#73,.T.);
#1536=ADVANCED_FACE('',(#150),#74,.T.);
#1537=ADVANCED_FACE('',(#151,#27),#75,.T.);
#1538=ADVANCED_FACE('',(#152),#76,.T.);
#1539=ADVANCED_FACE('',(#153),#77,.T.);
#1540=ADVANCED_FACE('',(#154),#78,.T.);
#1541=ADVANCED_FACE('',(#155),#79,.T.);
#1542=ADVANCED_FACE('',(#156),#80,.F.);
#1543=ADVANCED_FACE('',(#157,#28),#81,.F.);
#1544=ADVANCED_FACE('',(#158),#82,.F.);
#1545=ADVANCED_FACE('',(#159),#83,.F.);
#1546=ADVANCED_FACE('',(#160),#84,.F.);
#1547=ADVANCED_FACE('',(#161),#85,.F.);
#1548=ADVANCED_FACE('',(#162,#29),#86,.F.);
#1549=ADVANCED_FACE('',(#163),#87,.F.);
#1550=ADVANCED_FACE('',(#164),#88,.F.);
#1551=ADVANCED_FACE('',(#165,#30,#31,#32,#33,#34),#89,.F.);
#1552=ADVANCED_FACE('',(#166,#35,#36,#37,#38),#90,.T.);
#1553=ADVANCED_FACE('',(#167),#1513,.F.);
#1554=ADVANCED_FACE('',(#168,#39),#91,.F.);
#1555=ADVANCED_FACE('',(#169),#1514,.F.);
#1556=ADVANCED_FACE('',(#170,#40),#92,.F.);
#1557=ADVANCED_FACE('',(#171),#1515,.F.);
#1558=ADVANCED_FACE('',(#172,#41),#93,.F.);
#1559=ADVANCED_FACE('',(#173),#1516,.F.);
#1560=ADVANCED_FACE('',(#174,#42),#94,.F.);
#1561=ADVANCED_FACE('',(#175),#1517,.F.);
#1562=ADVANCED_FACE('',(#176),#1518,.F.);
#1563=ADVANCED_FACE('',(#177),#1519,.F.);
#1564=ADVANCED_FACE('',(#178),#1520,.F.);
#1565=ADVANCED_FACE('',(#179),#95,.T.);
#1566=ADVANCED_FACE('',(#180),#96,.T.);
#1567=ADVANCED_FACE('',(#181),#97,.T.);
#1568=ADVANCED_FACE('',(#182),#98,.T.);
#1569=ADVANCED_FACE('',(#183),#99,.T.);
#1570=ADVANCED_FACE('',(#184),#100,.T.);
#1571=ADVANCED_FACE('',(#185),#101,.T.);
#1572=ADVANCED_FACE('',(#186),#102,.T.);
#1573=ADVANCED_FACE('',(#187),#103,.T.);
#1574=ADVANCED_FACE('',(#188),#104,.T.);
#1575=ADVANCED_FACE('',(#189),#105,.T.);
#1576=ADVANCED_FACE('',(#190),#106,.T.);
#1577=ADVANCED_FACE('',(#191),#107,.T.);
#1578=ADVANCED_FACE('',(#192),#108,.T.);
#1579=ADVANCED_FACE('',(#193),#109,.T.);
#1580=ADVANCED_FACE('',(#194),#110,.T.);
#1581=ADVANCED_FACE('',(#195),#111,.T.);
#1582=ADVANCED_FACE('',(#196),#112,.T.);
#1583=ADVANCED_FACE('',(#197),#113,.T.);
#1584=ADVANCED_FACE('',(#198),#114,.T.);
#1585=ADVANCED_FACE('',(#199),#115,.T.);
#1586=ADVANCED_FACE('',(#200),#116,.T.);
#1587=ADVANCED_FACE('',(#201),#117,.T.);
#1588=ADVANCED_FACE('',(#202),#118,.T.);
#1589=ADVANCED_FACE('',(#203),#119,.T.);
#1590=ADVANCED_FACE('',(#204),#120,.T.);
#1591=ADVANCED_FACE('',(#205),#121,.T.);
#1592=ADVANCED_FACE('',(#206),#122,.T.);
#1593=ADVANCED_FACE('',(#207),#123,.T.);
#1594=ADVANCED_FACE('',(#208,#43,#44,#45,#46,#47,#48,#49),#124,.T.);
#1595=ADVANCED_FACE('',(#209),#125,.T.);
#1596=ADVANCED_FACE('',(#210),#126,.T.);
#1597=ADVANCED_FACE('',(#211),#127,.T.);
#1598=ADVANCED_FACE('',(#212),#128,.T.);
#1599=ADVANCED_FACE('',(#213),#129,.T.);
#1600=ADVANCED_FACE('',(#214),#130,.T.);
#1601=ADVANCED_FACE('',(#215),#131,.T.);
#1602=ADVANCED_FACE('',(#216),#132,.T.);
#1603=ADVANCED_FACE('',(#217,#50,#51,#52,#53,#54),#133,.T.);
#1604=ADVANCED_FACE('',(#218,#55,#56,#57,#58,#59,#60,#61,#62,#63,#64,#65,
#66),#134,.F.);
#1605=CLOSED_SHELL('',(#1521,#1522,#1523,#1524,#1525,#1526,#1527,#1528,
#1529,#1530,#1531,#1532,#1533,#1534,#1535,#1536,#1537,#1538,#1539,#1540,
#1541,#1542,#1543,#1544,#1545,#1546,#1547,#1548,#1549,#1550,#1551,#1552));
#1606=CLOSED_SHELL('',(#1553,#1554,#1555,#1556,#1557,#1558,#1559,#1560,
#1561,#1562,#1563,#1564,#1565,#1566,#1567,#1568,#1569,#1570,#1571,#1572,
#1573,#1574,#1575,#1576,#1577,#1578,#1579,#1580,#1581,#1582,#1583,#1584,
#1585,#1586,#1587,#1588,#1589,#1590,#1591,#1592,#1593,#1594,#1595,#1596,
#1597,#1598,#1599,#1600,#1601,#1602,#1603,#1604));
#1607=DERIVED_UNIT_ELEMENT(#1609,1.);
#1608=DERIVED_UNIT_ELEMENT(#2598,-3.);
#1609=(
MASS_UNIT()
NAMED_UNIT(*)
SI_UNIT(.KILO.,.GRAM.)
);
#1610=DERIVED_UNIT((#1607,#1608));
#1611=MEASURE_REPRESENTATION_ITEM('density measure',
POSITIVE_RATIO_MEASURE(7850.),#1610);
#1612=PROPERTY_DEFINITION_REPRESENTATION(#1617,#1614);
#1613=PROPERTY_DEFINITION_REPRESENTATION(#1618,#1615);
#1614=REPRESENTATION('material name',(#1616),#2595);
#1615=REPRESENTATION('density',(#1611),#2595);
#1616=DESCRIPTIVE_REPRESENTATION_ITEM('Steel','Steel');
#1617=PROPERTY_DEFINITION('material property','material name',#2610);
#1618=PROPERTY_DEFINITION('material property','density of part',#2610);
#1619=AXIS2_PLACEMENT_3D('',#2154,#1738,#1739);
#1620=AXIS2_PLACEMENT_3D('',#2155,#1740,#1741);
#1621=AXIS2_PLACEMENT_3D('',#2156,#1742,#1743);
#1622=AXIS2_PLACEMENT_3D('',#2158,#1744,#1745);
#1623=AXIS2_PLACEMENT_3D('',#2161,#1747,#1748);
#1624=AXIS2_PLACEMENT_3D('',#2162,#1749,#1750);
#1625=AXIS2_PLACEMENT_3D('',#2164,#1751,#1752);
#1626=AXIS2_PLACEMENT_3D('',#2167,#1754,#1755);
#1627=AXIS2_PLACEMENT_3D('',#2168,#1756,#1757);
#1628=AXIS2_PLACEMENT_3D('',#2170,#1758,#1759);
#1629=AXIS2_PLACEMENT_3D('',#2173,#1761,#1762);
#1630=AXIS2_PLACEMENT_3D('',#2174,#1763,#1764);
#1631=AXIS2_PLACEMENT_3D('',#2176,#1765,#1766);
#1632=AXIS2_PLACEMENT_3D('',#2179,#1768,#1769);
#1633=AXIS2_PLACEMENT_3D('',#2180,#1770,#1771);
#1634=AXIS2_PLACEMENT_3D('',#2182,#1772,#1773);
#1635=AXIS2_PLACEMENT_3D('',#2185,#1775,#1776);
#1636=AXIS2_PLACEMENT_3D('',#2186,#1777,#1778);
#1637=AXIS2_PLACEMENT_3D('',#2187,#1779,#1780);
#1638=AXIS2_PLACEMENT_3D('',#2189,#1781,#1782);
#1639=AXIS2_PLACEMENT_3D('',#2192,#1784,#1785);
#1640=AXIS2_PLACEMENT_3D('',#2193,#1786,#1787);
#1641=AXIS2_PLACEMENT_3D('',#2194,#1788,#1789);
#1642=AXIS2_PLACEMENT_3D('',#2196,#1790,#1791);
#1643=AXIS2_PLACEMENT_3D('',#2199,#1793,#1794);
#1644=AXIS2_PLACEMENT_3D('',#2200,#1795,#1796);
#1645=AXIS2_PLACEMENT_3D('',#2201,#1797,#1798);
#1646=AXIS2_PLACEMENT_3D('',#2203,#1799,#1800);
#1647=AXIS2_PLACEMENT_3D('',#2206,#1802,#1803);
#1648=AXIS2_PLACEMENT_3D('',#2207,#1804,#1805);
#1649=AXIS2_PLACEMENT_3D('',#2208,#1806,#1807);
#1650=AXIS2_PLACEMENT_3D('',#2217,#1812,#1813);
#1651=AXIS2_PLACEMENT_3D('',#2223,#1817,#1818);
#1652=AXIS2_PLACEMENT_3D('',#2229,#1822,#1823);
#1653=AXIS2_PLACEMENT_3D('',#2232,#1826,#1827);
#1654=AXIS2_PLACEMENT_3D('',#2241,#1832,#1833);
#1655=AXIS2_PLACEMENT_3D('',#2247,#1837,#1838);
#1656=AXIS2_PLACEMENT_3D('',#2251,#1841,#1842);
#1657=AXIS2_PLACEMENT_3D('',#2255,#1845,#1846);
#1658=AXIS2_PLACEMENT_3D('',#2257,#1848,#1849);
#1659=AXIS2_PLACEMENT_3D('',#2266,#1854,#1855);
#1660=AXIS2_PLACEMENT_3D('',#2272,#1859,#1860);
#1661=AXIS2_PLACEMENT_3D('',#2276,#1863,#1864);
#1662=AXIS2_PLACEMENT_3D('',#2280,#1867,#1868);
#1663=AXIS2_PLACEMENT_3D('',#2282,#1870,#1871);
#1664=AXIS2_PLACEMENT_3D('',#2291,#1876,#1877);
#1665=AXIS2_PLACEMENT_3D('',#2297,#1881,#1882);
#1666=AXIS2_PLACEMENT_3D('',#2303,#1886,#1887);
#1667=AXIS2_PLACEMENT_3D('',#2306,#1890,#1891);
#1668=AXIS2_PLACEMENT_3D('',#2307,#1892,#1893);
#1669=AXIS2_PLACEMENT_3D('',#2308,#1894,#1895);
#1670=AXIS2_PLACEMENT_3D('',#2310,#1896,#1897);
#1671=AXIS2_PLACEMENT_3D('',#2313,#1899,#1900);
#1672=AXIS2_PLACEMENT_3D('',#2314,#1901,#1902);
#1673=AXIS2_PLACEMENT_3D('',#2316,#1903,#1904);
#1674=AXIS2_PLACEMENT_3D('',#2317,#1905,#1906);
#1675=AXIS2_PLACEMENT_3D('',#2319,#1907,#1908);
#1676=AXIS2_PLACEMENT_3D('',#2322,#1910,#1911);
#1677=AXIS2_PLACEMENT_3D('',#2323,#1912,#1913);
#1678=AXIS2_PLACEMENT_3D('',#2325,#1914,#1915);
#1679=AXIS2_PLACEMENT_3D('',#2326,#1916,#1917);
#1680=AXIS2_PLACEMENT_3D('',#2328,#1918,#1919);
#1681=AXIS2_PLACEMENT_3D('',#2331,#1921,#1922);
#1682=AXIS2_PLACEMENT_3D('',#2332,#1923,#1924);
#1683=AXIS2_PLACEMENT_3D('',#2334,#1925,#1926);
#1684=AXIS2_PLACEMENT_3D('',#2335,#1927,#1928);
#1685=AXIS2_PLACEMENT_3D('',#2337,#1929,#1930);
#1686=AXIS2_PLACEMENT_3D('',#2340,#1932,#1933);
#1687=AXIS2_PLACEMENT_3D('',#2341,#1934,#1935);
#1688=AXIS2_PLACEMENT_3D('',#2343,#1936,#1937);
#1689=AXIS2_PLACEMENT_3D('',#2344,#1938,#1939);
#1690=AXIS2_PLACEMENT_3D('',#2347,#1941,#1942);
#1691=AXIS2_PLACEMENT_3D('',#2348,#1943,#1944);
#1692=AXIS2_PLACEMENT_3D('',#2351,#1946,#1947);
#1693=AXIS2_PLACEMENT_3D('',#2352,#1948,#1949);
#1694=AXIS2_PLACEMENT_3D('',#2355,#1951,#1952);
#1695=AXIS2_PLACEMENT_3D('',#2356,#1953,#1954);
#1696=AXIS2_PLACEMENT_3D('',#2359,#1956,#1957);
#1697=AXIS2_PLACEMENT_3D('',#2360,#1958,#1959);
#1698=AXIS2_PLACEMENT_3D('',#2369,#1964,#1965);
#1699=AXIS2_PLACEMENT_3D('',#2375,#1969,#1970);
#1700=AXIS2_PLACEMENT_3D('',#2381,#1974,#1975);
#1701=AXIS2_PLACEMENT_3D('',#2384,#1978,#1979);
#1702=AXIS2_PLACEMENT_3D('',#2393,#1984,#1985);
#1703=AXIS2_PLACEMENT_3D('',#2399,#1989,#1990);
#1704=AXIS2_PLACEMENT_3D('',#2405,#1994,#1995);
#1705=AXIS2_PLACEMENT_3D('',#2408,#1998,#1999);
#1706=AXIS2_PLACEMENT_3D('',#2417,#2004,#2005);
#1707=AXIS2_PLACEMENT_3D('',#2423,#2009,#2010);
#1708=AXIS2_PLACEMENT_3D('',#2429,#2014,#2015);
#1709=AXIS2_PLACEMENT_3D('',#2432,#2018,#2019);
#1710=AXIS2_PLACEMENT_3D('',#2441,#2024,#2025);
#1711=AXIS2_PLACEMENT_3D('',#2447,#2029,#2030);
#1712=AXIS2_PLACEMENT_3D('',#2453,#2034,#2035);
#1713=AXIS2_PLACEMENT_3D('',#2456,#2038,#2039);
#1714=AXIS2_PLACEMENT_3D('',#2465,#2044,#2045);
#1715=AXIS2_PLACEMENT_3D('',#2471,#2049,#2050);
#1716=AXIS2_PLACEMENT_3D('',#2477,#2054,#2055);
#1717=AXIS2_PLACEMENT_3D('',#2480,#2058,#2059);
#1718=AXIS2_PLACEMENT_3D('',#2489,#2064,#2065);
#1719=AXIS2_PLACEMENT_3D('',#2495,#2069,#2070);
#1720=AXIS2_PLACEMENT_3D('',#2501,#2074,#2075);
#1721=AXIS2_PLACEMENT_3D('',#2504,#2078,#2079);
#1722=AXIS2_PLACEMENT_3D('',#2513,#2084,#2085);
#1723=AXIS2_PLACEMENT_3D('',#2519,#2089,#2090);
#1724=AXIS2_PLACEMENT_3D('',#2525,#2094,#2095);
#1725=AXIS2_PLACEMENT_3D('',#2528,#2098,#2099);
#1726=AXIS2_PLACEMENT_3D('',#2537,#2104,#2105);
#1727=AXIS2_PLACEMENT_3D('',#2543,#2109,#2110);
#1728=AXIS2_PLACEMENT_3D('',#2549,#2114,#2115);
#1729=AXIS2_PLACEMENT_3D('',#2555,#2119,#2120);
#1730=AXIS2_PLACEMENT_3D('',#2561,#2124,#2125);
#1731=AXIS2_PLACEMENT_3D('',#2564,#2128,#2129);
#1732=AXIS2_PLACEMENT_3D('',#2573,#2134,#2135);
#1733=AXIS2_PLACEMENT_3D('',#2579,#2139,#2140);
#1734=AXIS2_PLACEMENT_3D('',#2585,#2144,#2145);
#1735=AXIS2_PLACEMENT_3D('',#2588,#2148,#2149);
#1736=AXIS2_PLACEMENT_3D('',#2589,#2150,#2151);
#1737=AXIS2_PLACEMENT_3D('',#2590,#2152,#2153);
#1738=DIRECTION('axis',(0.,0.,1.));
#1739=DIRECTION('refdir',(1.,0.,0.));
#1740=DIRECTION('axis',(0.,0.,1.));
#1741=DIRECTION('refdir',(1.,0.,0.));
#1742=DIRECTION('center_axis',(0.,0.,1.));
#1743=DIRECTION('ref_axis',(-1.,0.,0.));
#1744=DIRECTION('center_axis',(0.,0.,1.));
#1745=DIRECTION('ref_axis',(-1.,0.,0.));
#1746=DIRECTION('',(0.,0.,-1.));
#1747=DIRECTION('center_axis',(0.,0.,-1.));
#1748=DIRECTION('ref_axis',(-1.,0.,0.));
#1749=DIRECTION('center_axis',(0.,0.,1.));
#1750=DIRECTION('ref_axis',(-1.,0.,0.));
#1751=DIRECTION('center_axis',(0.,0.,1.));
#1752=DIRECTION('ref_axis',(-1.,0.,0.));
#1753=DIRECTION('',(0.,0.,-1.));
#1754=DIRECTION('center_axis',(0.,0.,-1.));
#1755=DIRECTION('ref_axis',(-1.,0.,0.));
#1756=DIRECTION('center_axis',(0.,0.,1.));
#1757=DIRECTION('ref_axis',(-1.,0.,0.));
#1758=DIRECTION('center_axis',(0.,0.,1.));
#1759=DIRECTION('ref_axis',(-1.,0.,0.));
#1760=DIRECTION('',(0.,0.,-1.));
#1761=DIRECTION('center_axis',(0.,0.,-1.));
#1762=DIRECTION('ref_axis',(-1.,0.,0.));
#1763=DIRECTION('center_axis',(0.,0.,1.));
#1764=DIRECTION('ref_axis',(-1.,0.,0.));
#1765=DIRECTION('center_axis',(0.,0.,1.));
#1766=DIRECTION('ref_axis',(-1.,0.,0.));
#1767=DIRECTION('',(0.,0.,-1.));
#1768=DIRECTION('center_axis',(0.,0.,-1.));
#1769=DIRECTION('ref_axis',(-1.,0.,0.));
#1770=DIRECTION('center_axis',(0.,0.,-1.));
#1771=DIRECTION('ref_axis',(1.,0.,0.));
#1772=DIRECTION('center_axis',(0.,0.,-1.));
#1773=DIRECTION('ref_axis',(1.,0.,0.));
#1774=DIRECTION('',(0.,0.,1.));
#1775=DIRECTION('center_axis',(0.,0.,-1.));
#1776=DIRECTION('ref_axis',(1.,0.,0.));
#1777=DIRECTION('center_axis',(0.,0.,-1.));
#1778=DIRECTION('ref_axis',(1.,0.,0.));
#1779=DIRECTION('center_axis',(0.,0.,-1.));
#1780=DIRECTION('ref_axis',(1.,0.,0.));
#1781=DIRECTION('center_axis',(0.,0.,-1.));
#1782=DIRECTION('ref_axis',(1.,0.,0.));
#1783=DIRECTION('',(0.,0.,1.));
#1784=DIRECTION('center_axis',(0.,0.,-1.));
#1785=DIRECTION('ref_axis',(1.,0.,0.));
#1786=DIRECTION('center_axis',(0.,0.,-1.));
#1787=DIRECTION('ref_axis',(1.,0.,0.));
#1788=DIRECTION('center_axis',(0.,0.,-1.));
#1789=DIRECTION('ref_axis',(1.,0.,0.));
#1790=DIRECTION('center_axis',(0.,0.,-1.));
#1791=DIRECTION('ref_axis',(1.,0.,0.));
#1792=DIRECTION('',(0.,0.,1.));
#1793=DIRECTION('center_axis',(0.,0.,-1.));
#1794=DIRECTION('ref_axis',(1.,0.,0.));
#1795=DIRECTION('center_axis',(0.,0.,-1.));
#1796=DIRECTION('ref_axis',(1.,0.,0.));
#1797=DIRECTION('center_axis',(0.,0.,-1.));
#1798=DIRECTION('ref_axis',(1.,0.,0.));
#1799=DIRECTION('center_axis',(0.,0.,-1.));
#1800=DIRECTION('ref_axis',(1.,0.,0.));
#1801=DIRECTION('',(0.,0.,1.));
#1802=DIRECTION('center_axis',(0.,0.,-1.));
#1803=DIRECTION('ref_axis',(1.,0.,0.));
#1804=DIRECTION('center_axis',(0.,0.,-1.));
#1805=DIRECTION('ref_axis',(1.,0.,0.));
#1806=DIRECTION('center_axis',(1.,0.,0.));
#1807=DIRECTION('ref_axis',(0.,0.,1.));
#1808=DIRECTION('',(0.,0.,1.));
#1809=DIRECTION('',(0.,-1.,0.));
#1810=DIRECTION('',(0.,0.,1.));
#1811=DIRECTION('',(0.,-1.,0.));
#1812=DIRECTION('center_axis',(0.,0.,1.));
#1813=DIRECTION('ref_axis',(-1.,0.,0.));
#1814=DIRECTION('',(-1.,0.,0.));
#1815=DIRECTION('',(-1.,0.,0.));
#1816=DIRECTION('',(0.,-1.,0.));
#1817=DIRECTION('center_axis',(-1.,0.,0.));
#1818=DIRECTION('ref_axis',(0.,0.,-1.));
#1819=DIRECTION('',(0.,0.,-1.));
#1820=DIRECTION('',(0.,0.,-1.));
#1821=DIRECTION('',(0.,-1.,0.));
#1822=DIRECTION('center_axis',(3.70074341541719E-16,0.,-1.));
#1823=DIRECTION('ref_axis',(1.,0.,3.70074341541719E-16));
#1824=DIRECTION('',(1.,0.,3.70074341541719E-16));
#1825=DIRECTION('',(1.,0.,3.70074341541719E-16));
#1826=DIRECTION('center_axis',(0.,1.,0.));
#1827=DIRECTION('ref_axis',(0.,0.,-1.));
#1828=DIRECTION('',(-1.,0.,0.));
#1829=DIRECTION('',(0.,0.,-1.));
#1830=DIRECTION('',(1.,0.,0.));
#1831=DIRECTION('',(0.,0.,1.));
#1832=DIRECTION('center_axis',(-1.,0.,0.));
#1833=DIRECTION('ref_axis',(0.,0.,1.));
#1834=DIRECTION('',(0.,1.,0.));
#1835=DIRECTION('',(0.,0.,1.));
#1836=DIRECTION('',(0.,1.,0.));
#1837=DIRECTION('center_axis',(0.,0.,-1.));
#1838=DIRECTION('ref_axis',(-1.,0.,0.));
#1839=DIRECTION('',(-1.,0.,0.));
#1840=DIRECTION('',(0.,1.,0.));
#1841=DIRECTION('center_axis',(1.,0.,0.));
#1842=DIRECTION('ref_axis',(0.,0.,-1.));
#1843=DIRECTION('',(0.,0.,-1.));
#1844=DIRECTION('',(0.,1.,0.));
#1845=DIRECTION('center_axis',(0.,0.,1.));
#1846=DIRECTION('ref_axis',(1.,0.,0.));
#1847=DIRECTION('',(1.,0.,0.));
#1848=DIRECTION('center_axis',(0.,0.,-1.));
#1849=DIRECTION('ref_axis',(-1.,0.,0.));
#1850=DIRECTION('',(1.,0.,0.));
#1851=DIRECTION('',(0.,1.,0.));
#1852=DIRECTION('',(-1.,0.,0.));
#1853=DIRECTION('',(0.,-1.,0.));
#1854=DIRECTION('center_axis',(0.,1.,0.));
#1855=DIRECTION('ref_axis',(-1.,0.,0.));
#1856=DIRECTION('',(0.,0.,1.));
#1857=DIRECTION('',(-1.,0.,0.));
#1858=DIRECTION('',(0.,0.,1.));
#1859=DIRECTION('center_axis',(-1.,0.,0.));
#1860=DIRECTION('ref_axis',(0.,-1.,0.));
#1861=DIRECTION('',(0.,-1.,0.));
#1862=DIRECTION('',(0.,0.,1.));
#1863=DIRECTION('center_axis',(1.,0.,0.));
#1864=DIRECTION('ref_axis',(0.,1.,0.));
#1865=DIRECTION('',(0.,0.,1.));
#1866=DIRECTION('',(0.,1.,0.));
#1867=DIRECTION('center_axis',(0.,-1.,0.));
#1868=DIRECTION('ref_axis',(1.,0.,0.));
#1869=DIRECTION('',(1.,0.,0.));
#1870=DIRECTION('center_axis',(-1.,0.,0.));
#1871=DIRECTION('ref_axis',(0.,-1.,0.));
#1872=DIRECTION('',(0.,1.,0.));
#1873=DIRECTION('',(0.,0.,1.));
#1874=DIRECTION('',(0.,-1.,0.));
#1875=DIRECTION('',(0.,0.,1.));
#1876=DIRECTION('center_axis',(0.,-1.,0.));
#1877=DIRECTION('ref_axis',(1.,0.,0.));
#1878=DIRECTION('',(-1.,0.,0.));
#1879=DIRECTION('',(0.,0.,1.));
#1880=DIRECTION('',(1.,0.,0.));
#1881=DIRECTION('center_axis',(1.,0.,0.));
#1882=DIRECTION('ref_axis',(0.,1.,0.));
#1883=DIRECTION('',(0.,-1.,0.));
#1884=DIRECTION('',(0.,0.,1.));
#1885=DIRECTION('',(0.,1.,0.));
#1886=DIRECTION('center_axis',(0.,1.,0.));
#1887=DIRECTION('ref_axis',(-1.,0.,0.));
#1888=DIRECTION('',(1.,0.,0.));
#1889=DIRECTION('',(-1.,0.,0.));
#1890=DIRECTION('center_axis',(0.,0.,-1.));
#1891=DIRECTION('ref_axis',(-1.,0.,0.));
#1892=DIRECTION('center_axis',(0.,0.,-1.));
#1893=DIRECTION('ref_axis',(-1.,0.,0.));
#1894=DIRECTION('center_axis',(0.,0.,-1.));
#1895=DIRECTION('ref_axis',(1.,0.,0.));
#1896=DIRECTION('center_axis',(0.,0.,-1.));
#1897=DIRECTION('ref_axis',(1.,0.,0.));
#1898=DIRECTION('',(0.,0.,-1.));
#1899=DIRECTION('center_axis',(0.,0.,-1.));
#1900=DIRECTION('ref_axis',(1.,0.,0.));
#1901=DIRECTION('center_axis',(0.,0.,-1.));
#1902=DIRECTION('ref_axis',(1.,0.,0.));
#1903=DIRECTION('center_axis',(0.,0.,1.));
#1904=DIRECTION('ref_axis',(1.,0.,0.));
#1905=DIRECTION('center_axis',(0.,0.,-1.));
#1906=DIRECTION('ref_axis',(1.,0.,0.));
#1907=DIRECTION('center_axis',(0.,0.,-1.));
#1908=DIRECTION('ref_axis',(1.,0.,0.));
#1909=DIRECTION('',(0.,0.,-1.));
#1910=DIRECTION('center_axis',(0.,0.,-1.));
#1911=DIRECTION('ref_axis',(1.,0.,0.));
#1912=DIRECTION('center_axis',(0.,0.,-1.));
#1913=DIRECTION('ref_axis',(1.,0.,0.));
#1914=DIRECTION('center_axis',(0.,0.,1.));
#1915=DIRECTION('ref_axis',(1.,0.,0.));
#1916=DIRECTION('center_axis',(0.,0.,-1.));
#1917=DIRECTION('ref_axis',(1.,0.,0.));
#1918=DIRECTION('center_axis',(0.,0.,-1.));
#1919=DIRECTION('ref_axis',(1.,0.,0.));
#1920=DIRECTION('',(0.,0.,-1.));
#1921=DIRECTION('center_axis',(0.,0.,-1.));
#1922=DIRECTION('ref_axis',(1.,0.,0.));
#1923=DIRECTION('center_axis',(0.,0.,-1.));
#1924=DIRECTION('ref_axis',(1.,0.,0.));
#1925=DIRECTION('center_axis',(0.,0.,1.));
#1926=DIRECTION('ref_axis',(1.,0.,0.));
#1927=DIRECTION('center_axis',(0.,0.,-1.));
#1928=DIRECTION('ref_axis',(1.,0.,0.));
#1929=DIRECTION('center_axis',(0.,0.,-1.));
#1930=DIRECTION('ref_axis',(1.,0.,0.));
#1931=DIRECTION('',(0.,0.,-1.));
#1932=DIRECTION('center_axis',(0.,0.,-1.));
#1933=DIRECTION('ref_axis',(1.,0.,0.));
#1934=DIRECTION('center_axis',(0.,0.,-1.));
#1935=DIRECTION('ref_axis',(1.,0.,0.));
#1936=DIRECTION('center_axis',(0.,0.,1.));
#1937=DIRECTION('ref_axis',(1.,0.,0.));
#1938=DIRECTION('center_axis',(0.,0.,-1.));
#1939=DIRECTION('ref_axis',(1.,0.,0.));
#1940=DIRECTION('',(0.,0.,-1.));
#1941=DIRECTION('center_axis',(0.,0.,1.));
#1942=DIRECTION('ref_axis',(1.,0.,0.));
#1943=DIRECTION('center_axis',(0.,0.,-1.));
#1944=DIRECTION('ref_axis',(1.,0.,0.));
#1945=DIRECTION('',(0.,0.,-1.));
#1946=DIRECTION('center_axis',(0.,0.,1.));
#1947=DIRECTION('ref_axis',(1.,0.,0.));
#1948=DIRECTION('center_axis',(0.,0.,-1.));
#1949=DIRECTION('ref_axis',(1.,0.,0.));
#1950=DIRECTION('',(0.,0.,-1.));
#1951=DIRECTION('center_axis',(0.,0.,1.));
#1952=DIRECTION('ref_axis',(1.,0.,0.));
#1953=DIRECTION('center_axis',(0.,0.,-1.));
#1954=DIRECTION('ref_axis',(1.,0.,0.));
#1955=DIRECTION('',(0.,0.,-1.));
#1956=DIRECTION('center_axis',(0.,0.,1.));
#1957=DIRECTION('ref_axis',(1.,0.,0.));
#1958=DIRECTION('center_axis',(-1.,0.,0.));
#1959=DIRECTION('ref_axis',(0.,-1.,0.));
#1960=DIRECTION('',(0.,-1.,0.));
#1961=DIRECTION('',(0.,0.,1.));
#1962=DIRECTION('',(0.,-1.,0.));
#1963=DIRECTION('',(0.,0.,1.));
#1964=DIRECTION('center_axis',(0.,-1.,0.));
#1965=DIRECTION('ref_axis',(1.,0.,0.));
#1966=DIRECTION('',(1.,0.,0.));
#1967=DIRECTION('',(1.,0.,0.));
#1968=DIRECTION('',(0.,0.,1.));
#1969=DIRECTION('center_axis',(1.,0.,0.));
#1970=DIRECTION('ref_axis',(0.,1.,0.));
#1971=DIRECTION('',(0.,1.,0.));
#1972=DIRECTION('',(0.,1.,0.));
#1973=DIRECTION('',(0.,0.,1.));
#1974=DIRECTION('center_axis',(0.,1.,0.));
#1975=DIRECTION('ref_axis',(-1.,0.,0.));
#1976=DIRECTION('',(-1.,0.,0.));
#1977=DIRECTION('',(-1.,0.,0.));
#1978=DIRECTION('center_axis',(-1.,0.,0.));
#1979=DIRECTION('ref_axis',(0.,-1.,0.));
#1980=DIRECTION('',(0.,-1.,0.));
#1981=DIRECTION('',(0.,0.,1.));
#1982=DIRECTION('',(0.,-1.,0.));
#1983=DIRECTION('',(0.,0.,1.));
#1984=DIRECTION('center_axis',(0.,-1.,0.));
#1985=DIRECTION('ref_axis',(1.,0.,0.));
#1986=DIRECTION('',(1.,0.,0.));
#1987=DIRECTION('',(1.,0.,0.));
#1988=DIRECTION('',(0.,0.,1.));
#1989=DIRECTION('center_axis',(1.,0.,0.));
#1990=DIRECTION('ref_axis',(0.,1.,0.));
#1991=DIRECTION('',(0.,1.,0.));
#1992=DIRECTION('',(0.,1.,0.));
#1993=DIRECTION('',(0.,0.,1.));
#1994=DIRECTION('center_axis',(0.,1.,0.));
#1995=DIRECTION('ref_axis',(-1.,0.,0.));
#1996=DIRECTION('',(-1.,0.,0.));
#1997=DIRECTION('',(-1.,0.,0.));
#1998=DIRECTION('center_axis',(-1.,0.,0.));
#1999=DIRECTION('ref_axis',(0.,-1.,0.));
#2000=DIRECTION('',(0.,-1.,0.));
#2001=DIRECTION('',(0.,0.,1.));
#2002=DIRECTION('',(0.,-1.,0.));
#2003=DIRECTION('',(0.,0.,1.));
#2004=DIRECTION('center_axis',(0.,-1.,0.));
#2005=DIRECTION('ref_axis',(1.,0.,0.));
#2006=DIRECTION('',(1.,0.,0.));
#2007=DIRECTION('',(1.,0.,0.));
#2008=DIRECTION('',(0.,0.,1.));
#2009=DIRECTION('center_axis',(1.,0.,0.));
#2010=DIRECTION('ref_axis',(0.,1.,0.));
#2011=DIRECTION('',(0.,1.,0.));
#2012=DIRECTION('',(0.,1.,0.));
#2013=DIRECTION('',(0.,0.,1.));
#2014=DIRECTION('center_axis',(0.,1.,0.));
#2015=DIRECTION('ref_axis',(-1.,0.,0.));
#2016=DIRECTION('',(-1.,0.,0.));
#2017=DIRECTION('',(-1.,0.,0.));
#2018=DIRECTION('center_axis',(-1.,0.,0.));
#2019=DIRECTION('ref_axis',(0.,-1.,0.));
#2020=DIRECTION('',(0.,-1.,0.));
#2021=DIRECTION('',(0.,0.,1.));
#2022=DIRECTION('',(0.,-1.,0.));
#2023=DIRECTION('',(0.,0.,1.));
#2024=DIRECTION('center_axis',(0.,-1.,0.));
#2025=DIRECTION('ref_axis',(1.,0.,0.));
#2026=DIRECTION('',(1.,0.,0.));
#2027=DIRECTION('',(1.,0.,0.));
#2028=DIRECTION('',(0.,0.,1.));
#2029=DIRECTION('center_axis',(1.,0.,0.));
#2030=DIRECTION('ref_axis',(0.,1.,0.));
#2031=DIRECTION('',(0.,1.,0.));
#2032=DIRECTION('',(0.,1.,0.));
#2033=DIRECTION('',(0.,0.,1.));
#2034=DIRECTION('center_axis',(0.,1.,0.));
#2035=DIRECTION('ref_axis',(-1.,0.,0.));
#2036=DIRECTION('',(-1.,0.,0.));
#2037=DIRECTION('',(-1.,0.,0.));
#2038=DIRECTION('center_axis',(-1.,0.,0.));
#2039=DIRECTION('ref_axis',(0.,-1.,0.));
#2040=DIRECTION('',(0.,-1.,0.));
#2041=DIRECTION('',(0.,0.,1.));
#2042=DIRECTION('',(0.,-1.,0.));
#2043=DIRECTION('',(0.,0.,1.));
#2044=DIRECTION('center_axis',(0.,-1.,0.));
#2045=DIRECTION('ref_axis',(1.,0.,0.));
#2046=DIRECTION('',(1.,0.,0.));
#2047=DIRECTION('',(1.,0.,0.));
#2048=DIRECTION('',(0.,0.,1.));
#2049=DIRECTION('center_axis',(1.,0.,0.));
#2050=DIRECTION('ref_axis',(0.,1.,0.));
#2051=DIRECTION('',(0.,1.,0.));
#2052=DIRECTION('',(0.,1.,0.));
#2053=DIRECTION('',(0.,0.,1.));
#2054=DIRECTION('center_axis',(0.,1.,0.));
#2055=DIRECTION('ref_axis',(-1.,0.,0.));
#2056=DIRECTION('',(-1.,0.,0.));
#2057=DIRECTION('',(-1.,0.,0.));
#2058=DIRECTION('center_axis',(-1.,0.,0.));
#2059=DIRECTION('ref_axis',(0.,-1.,0.));
#2060=DIRECTION('',(0.,-1.,0.));
#2061=DIRECTION('',(0.,0.,1.));
#2062=DIRECTION('',(0.,-1.,0.));
#2063=DIRECTION('',(0.,0.,1.));
#2064=DIRECTION('center_axis',(0.,-1.,0.));
#2065=DIRECTION('ref_axis',(1.,0.,0.));
#2066=DIRECTION('',(1.,0.,0.));
#2067=DIRECTION('',(1.,0.,0.));
#2068=DIRECTION('',(0.,0.,1.));
#2069=DIRECTION('center_axis',(1.,0.,0.));
#2070=DIRECTION('ref_axis',(0.,1.,0.));
#2071=DIRECTION('',(0.,1.,0.));
#2072=DIRECTION('',(0.,1.,0.));
#2073=DIRECTION('',(0.,0.,1.));
#2074=DIRECTION('center_axis',(0.,1.,0.));
#2075=DIRECTION('ref_axis',(-1.,0.,0.));
#2076=DIRECTION('',(-1.,0.,0.));
#2077=DIRECTION('',(-1.,0.,0.));
#2078=DIRECTION('center_axis',(-1.,0.,0.));
#2079=DIRECTION('ref_axis',(0.,-1.,0.));
#2080=DIRECTION('',(0.,-1.,0.));
#2081=DIRECTION('',(0.,0.,1.));
#2082=DIRECTION('',(0.,-1.,0.));
#2083=DIRECTION('',(0.,0.,1.));
#2084=DIRECTION('center_axis',(0.,-1.,0.));
#2085=DIRECTION('ref_axis',(1.,0.,0.));
#2086=DIRECTION('',(1.,0.,0.));
#2087=DIRECTION('',(1.,0.,0.));
#2088=DIRECTION('',(0.,0.,1.));
#2089=DIRECTION('center_axis',(1.,0.,0.));
#2090=DIRECTION('ref_axis',(0.,1.,0.));
#2091=DIRECTION('',(0.,1.,0.));
#2092=DIRECTION('',(0.,1.,0.));
#2093=DIRECTION('',(0.,0.,1.));
#2094=DIRECTION('center_axis',(0.,1.,0.));
#2095=DIRECTION('ref_axis',(-1.,0.,0.));
#2096=DIRECTION('',(-1.,0.,0.));
#2097=DIRECTION('',(-1.,0.,0.));
#2098=DIRECTION('center_axis',(-1.,0.,0.));
#2099=DIRECTION('ref_axis',(0.,-1.,0.));
#2100=DIRECTION('',(0.,-1.,0.));
#2101=DIRECTION('',(0.,0.,-1.));
#2102=DIRECTION('',(0.,-1.,0.));
#2103=DIRECTION('',(0.,0.,1.));
#2104=DIRECTION('center_axis',(0.,0.,1.));
#2105=DIRECTION('ref_axis',(1.,0.,0.));
#2106=DIRECTION('',(1.,0.,0.));
#2107=DIRECTION('',(-1.,0.,0.));
#2108=DIRECTION('',(0.,-1.,0.));
#2109=DIRECTION('center_axis',(-1.,0.,0.));
#2110=DIRECTION('ref_axis',(0.,-1.,0.));
#2111=DIRECTION('',(0.,0.,1.));
#2112=DIRECTION('',(0.,-1.,0.));
#2113=DIRECTION('',(0.,0.,1.));
#2114=DIRECTION('center_axis',(0.,-1.,0.));
#2115=DIRECTION('ref_axis',(1.,0.,0.));
#2116=DIRECTION('',(1.,0.,0.));
#2117=DIRECTION('',(0.,0.,1.));
#2118=DIRECTION('',(1.,0.,0.));
#2119=DIRECTION('center_axis',(1.,0.,0.));
#2120=DIRECTION('ref_axis',(0.,1.,0.));
#2121=DIRECTION('',(0.,1.,0.));
#2122=DIRECTION('',(0.,1.,0.));
#2123=DIRECTION('',(0.,0.,1.));
#2124=DIRECTION('center_axis',(0.,1.,0.));
#2125=DIRECTION('ref_axis',(-1.,0.,0.));
#2126=DIRECTION('',(-1.,0.,0.));
#2127=DIRECTION('',(-1.,0.,0.));
#2128=DIRECTION('center_axis',(-1.,0.,0.));
#2129=DIRECTION('ref_axis',(0.,-1.,0.));
#2130=DIRECTION('',(0.,1.,0.));
#2131=DIRECTION('',(0.,0.,1.));
#2132=DIRECTION('',(0.,-1.,0.));
#2133=DIRECTION('',(0.,0.,1.));
#2134=DIRECTION('center_axis',(0.,1.,0.));
#2135=DIRECTION('ref_axis',(-1.,0.,0.));
#2136=DIRECTION('',(1.,0.,0.));
#2137=DIRECTION('',(-1.,0.,0.));
#2138=DIRECTION('',(0.,0.,1.));
#2139=DIRECTION('center_axis',(1.,0.,0.));
#2140=DIRECTION('ref_axis',(0.,1.,0.));
#2141=DIRECTION('',(0.,-1.,0.));
#2142=DIRECTION('',(0.,1.,0.));
#2143=DIRECTION('',(0.,0.,1.));
#2144=DIRECTION('center_axis',(0.,-1.,0.));
#2145=DIRECTION('ref_axis',(1.,0.,0.));
#2146=DIRECTION('',(-1.,0.,0.));
#2147=DIRECTION('',(1.,0.,0.));
#2148=DIRECTION('center_axis',(0.,0.,1.));
#2149=DIRECTION('ref_axis',(1.,0.,0.));
#2150=DIRECTION('center_axis',(0.,0.,1.));
#2151=DIRECTION('ref_axis',(1.,0.,0.));
#2152=DIRECTION('',(0.,0.,0.999999999999999));
#2153=DIRECTION('',(1.,0.,0.));
#2154=CARTESIAN_POINT('',(0.,0.,0.));
#2155=CARTESIAN_POINT('',(0.,0.,0.));
#2156=CARTESIAN_POINT('Origin',(60.8,125.,5.));
#2157=CARTESIAN_POINT('',(62.35,125.,13.));
#2158=CARTESIAN_POINT('Origin',(60.8,125.,13.));
#2159=CARTESIAN_POINT('',(62.35,125.,3.9));
#2160=CARTESIAN_POINT('',(62.35,125.,5.));
#2161=CARTESIAN_POINT('Origin',(60.8,125.,3.9));
#2162=CARTESIAN_POINT('Origin',(60.8,54.2,5.));
#2163=CARTESIAN_POINT('',(62.35,54.2,13.));
#2164=CARTESIAN_POINT('Origin',(60.8,54.2,13.));
#2165=CARTESIAN_POINT('',(62.35,54.2,3.9));
#2166=CARTESIAN_POINT('',(62.35,54.2,5.));
#2167=CARTESIAN_POINT('Origin',(60.8,54.2,3.9));
#2168=CARTESIAN_POINT('Origin',(176.6,54.2,5.));
#2169=CARTESIAN_POINT('',(178.15,54.2,13.));
#2170=CARTESIAN_POINT('Origin',(176.6,54.2,13.));
#2171=CARTESIAN_POINT('',(178.15,54.2,3.9));
#2172=CARTESIAN_POINT('',(178.15,54.2,5.));
#2173=CARTESIAN_POINT('Origin',(176.6,54.2,3.9));
#2174=CARTESIAN_POINT('Origin',(176.6,125.,5.));
#2175=CARTESIAN_POINT('',(178.15,125.,13.));
#2176=CARTESIAN_POINT('Origin',(176.6,125.,13.));
#2177=CARTESIAN_POINT('',(178.15,125.,3.9));
#2178=CARTESIAN_POINT('',(178.15,125.,5.));
#2179=CARTESIAN_POINT('Origin',(176.6,125.,3.9));
#2180=CARTESIAN_POINT('Origin',(176.6,125.,1.95));
#2181=CARTESIAN_POINT('',(174.2,125.,0.));
#2182=CARTESIAN_POINT('Origin',(176.6,125.,0.));
#2183=CARTESIAN_POINT('',(174.2,125.,3.9));
#2184=CARTESIAN_POINT('',(174.2,125.,1.95));
#2185=CARTESIAN_POINT('Origin',(176.6,125.,3.9));
#2186=CARTESIAN_POINT('Origin',(176.6,125.,3.9));
#2187=CARTESIAN_POINT('Origin',(176.6,54.2,1.95));
#2188=CARTESIAN_POINT('',(174.2,54.2,0.));
#2189=CARTESIAN_POINT('Origin',(176.6,54.2,0.));
#2190=CARTESIAN_POINT('',(174.2,54.2,3.9));
#2191=CARTESIAN_POINT('',(174.2,54.2,1.95));
#2192=CARTESIAN_POINT('Origin',(176.6,54.2,3.9));
#2193=CARTESIAN_POINT('Origin',(176.6,54.2,3.9));
#2194=CARTESIAN_POINT('Origin',(60.8,54.2,1.95));
#2195=CARTESIAN_POINT('',(58.4,54.2,0.));
#2196=CARTESIAN_POINT('Origin',(60.8,54.2,0.));
#2197=CARTESIAN_POINT('',(58.4,54.2,3.9));
#2198=CARTESIAN_POINT('',(58.4,54.2,1.95));
#2199=CARTESIAN_POINT('Origin',(60.8,54.2,3.9));
#2200=CARTESIAN_POINT('Origin',(60.8,54.2,3.9));
#2201=CARTESIAN_POINT('Origin',(60.8,125.,1.95));
#2202=CARTESIAN_POINT('',(58.4,125.,0.));
#2203=CARTESIAN_POINT('Origin',(60.8,125.,0.));
#2204=CARTESIAN_POINT('',(58.4,125.,3.9));
#2205=CARTESIAN_POINT('',(58.4,125.,1.95));
#2206=CARTESIAN_POINT('Origin',(60.8,125.,3.9));
#2207=CARTESIAN_POINT('Origin',(60.8,125.,3.9));
#2208=CARTESIAN_POINT('Origin',(67.8,130.,2.4));
#2209=CARTESIAN_POINT('',(67.8,130.,2.4));
#2210=CARTESIAN_POINT('',(67.8,130.,9.4));
#2211=CARTESIAN_POINT('',(67.8,130.,1.2));
#2212=CARTESIAN_POINT('',(67.8,124.,9.4));
#2213=CARTESIAN_POINT('',(67.8,130.,9.4));
#2214=CARTESIAN_POINT('',(67.8,124.,2.4));
#2215=CARTESIAN_POINT('',(67.8,124.,2.4));
#2216=CARTESIAN_POINT('',(67.8,130.,2.4));
#2217=CARTESIAN_POINT('Origin',(79.8,130.,2.4));
#2218=CARTESIAN_POINT('',(79.8,130.,2.4));
#2219=CARTESIAN_POINT('',(67.8,130.,2.4));
#2220=CARTESIAN_POINT('',(79.8,124.,2.4));
#2221=CARTESIAN_POINT('',(79.8,124.,2.4));
#2222=CARTESIAN_POINT('',(79.8,130.,2.4));
#2223=CARTESIAN_POINT('Origin',(79.8,130.,9.40000000000001));
#2224=CARTESIAN_POINT('',(79.8,130.,9.40000000000001));
#2225=CARTESIAN_POINT('',(79.8,130.,4.7));
#2226=CARTESIAN_POINT('',(79.8,124.,9.40000000000001));
#2227=CARTESIAN_POINT('',(79.8,124.,9.40000000000001));
#2228=CARTESIAN_POINT('',(79.8,130.,9.40000000000001));
#2229=CARTESIAN_POINT('Origin',(67.8,130.,9.4));
#2230=CARTESIAN_POINT('',(61.8,130.,9.4));
#2231=CARTESIAN_POINT('',(67.8,124.,9.4));
#2232=CARTESIAN_POINT('Origin',(73.8,124.,5.9));
#2233=CARTESIAN_POINT('',(78.8,124.,8.4));
#2234=CARTESIAN_POINT('',(68.8,124.,8.4));
#2235=CARTESIAN_POINT('',(76.3,124.,8.4));
#2236=CARTESIAN_POINT('',(68.8,124.,3.4));
#2237=CARTESIAN_POINT('',(68.8,124.,7.15));
#2238=CARTESIAN_POINT('',(78.8,124.,3.4));
#2239=CARTESIAN_POINT('',(71.3,124.,3.4));
#2240=CARTESIAN_POINT('',(78.8,124.,4.65));
#2241=CARTESIAN_POINT('Origin',(78.8,95.,3.4));
#2242=CARTESIAN_POINT('',(78.8,120.,3.4));
#2243=CARTESIAN_POINT('',(78.8,95.,3.4));
#2244=CARTESIAN_POINT('',(78.8,120.,8.4));
#2245=CARTESIAN_POINT('',(78.8,120.,1.7));
#2246=CARTESIAN_POINT('',(78.8,95.,8.4));
#2247=CARTESIAN_POINT('Origin',(78.8,95.,8.4));
#2248=CARTESIAN_POINT('',(68.8,120.,8.4));
#2249=CARTESIAN_POINT('',(125.2,120.,8.4));
#2250=CARTESIAN_POINT('',(68.8,95.,8.4));
#2251=CARTESIAN_POINT('Origin',(68.8,95.,8.4));
#2252=CARTESIAN_POINT('',(68.8,120.,3.4));
#2253=CARTESIAN_POINT('',(68.8,120.,4.2));
#2254=CARTESIAN_POINT('',(68.8,95.,3.4));
#2255=CARTESIAN_POINT('Origin',(68.8,95.,3.4));
#2256=CARTESIAN_POINT('',(120.2,120.,3.4));
#2257=CARTESIAN_POINT('Origin',(118.7,89.6,3.));
#2258=CARTESIAN_POINT('',(65.8,59.2,3.));
#2259=CARTESIAN_POINT('',(171.6,59.2,3.));
#2260=CARTESIAN_POINT('',(92.25,59.2,3.));
#2261=CARTESIAN_POINT('',(171.6,120.,3.));
#2262=CARTESIAN_POINT('',(171.6,74.4,3.));
#2263=CARTESIAN_POINT('',(65.8,120.,3.));
#2264=CARTESIAN_POINT('',(145.15,120.,3.));
#2265=CARTESIAN_POINT('',(65.8,104.8,3.));
#2266=CARTESIAN_POINT('Origin',(171.6,120.,0.));
#2267=CARTESIAN_POINT('',(171.6,120.,13.));
#2268=CARTESIAN_POINT('',(171.6,120.,0.));
#2269=CARTESIAN_POINT('',(65.8,120.,13.));
#2270=CARTESIAN_POINT('',(171.6,120.,13.));
#2271=CARTESIAN_POINT('',(65.8,120.,0.));
#2272=CARTESIAN_POINT('Origin',(65.8,120.,0.));
#2273=CARTESIAN_POINT('',(65.8,59.2,13.));
#2274=CARTESIAN_POINT('',(65.8,120.,13.));
#2275=CARTESIAN_POINT('',(65.8,59.2,0.));
#2276=CARTESIAN_POINT('Origin',(171.6,59.2,0.));
#2277=CARTESIAN_POINT('',(171.6,59.2,13.));
#2278=CARTESIAN_POINT('',(171.6,59.2,0.));
#2279=CARTESIAN_POINT('',(171.6,59.2,13.));
#2280=CARTESIAN_POINT('Origin',(65.8,59.2,0.));
#2281=CARTESIAN_POINT('',(65.8,59.2,13.));
#2282=CARTESIAN_POINT('Origin',(181.6,130.,0.));
#2283=CARTESIAN_POINT('',(181.6,49.2,0.));
#2284=CARTESIAN_POINT('',(181.6,130.,0.));
#2285=CARTESIAN_POINT('',(181.6,49.2,0.));
#2286=CARTESIAN_POINT('',(181.6,130.,13.));
#2287=CARTESIAN_POINT('',(181.6,130.,0.));
#2288=CARTESIAN_POINT('',(181.6,49.2,13.));
#2289=CARTESIAN_POINT('',(181.6,49.2,13.));
#2290=CARTESIAN_POINT('',(181.6,49.2,0.));
#2291=CARTESIAN_POINT('Origin',(55.8,130.,0.));
#2292=CARTESIAN_POINT('',(55.8,130.,0.));
#2293=CARTESIAN_POINT('',(181.6,130.,0.));
#2294=CARTESIAN_POINT('',(55.8,130.,13.));
#2295=CARTESIAN_POINT('',(55.8,130.,0.));
#2296=CARTESIAN_POINT('',(181.6,130.,13.));
#2297=CARTESIAN_POINT('Origin',(55.8,49.2,0.));
#2298=CARTESIAN_POINT('',(55.8,49.2,0.));
#2299=CARTESIAN_POINT('',(55.8,130.,0.));
#2300=CARTESIAN_POINT('',(55.8,49.2,13.));
#2301=CARTESIAN_POINT('',(55.8,49.2,0.));
#2302=CARTESIAN_POINT('',(55.8,130.,13.));
#2303=CARTESIAN_POINT('Origin',(181.6,49.2,0.));
#2304=CARTESIAN_POINT('',(55.8,49.2,0.));
#2305=CARTESIAN_POINT('',(55.8,49.2,13.));
#2306=CARTESIAN_POINT('Origin',(118.7,89.6,13.));
#2307=CARTESIAN_POINT('Origin',(118.7,89.6,0.));
#2308=CARTESIAN_POINT('Origin',(240.4,185.,16.75));
#2309=CARTESIAN_POINT('',(237.4,185.,17.5));
#2310=CARTESIAN_POINT('Origin',(240.4,185.,17.5));
#2311=CARTESIAN_POINT('',(237.4,185.,16.));
#2312=CARTESIAN_POINT('',(237.4,185.,16.75));
#2313=CARTESIAN_POINT('Origin',(240.4,185.,16.));
#2314=CARTESIAN_POINT('Origin',(240.4,185.,16.));
#2315=CARTESIAN_POINT('',(238.85,185.,16.));
#2316=CARTESIAN_POINT('Origin',(240.4,185.,16.));
#2317=CARTESIAN_POINT('Origin',(240.4,114.2,16.75));
#2318=CARTESIAN_POINT('',(237.4,114.2,17.5));
#2319=CARTESIAN_POINT('Origin',(240.4,114.2,17.5));
#2320=CARTESIAN_POINT('',(237.4,114.2,16.));
#2321=CARTESIAN_POINT('',(237.4,114.2,16.75));
#2322=CARTESIAN_POINT('Origin',(240.4,114.2,16.));
#2323=CARTESIAN_POINT('Origin',(240.4,114.2,16.));
#2324=CARTESIAN_POINT('',(238.85,114.2,16.));
#2325=CARTESIAN_POINT('Origin',(240.4,114.2,16.));
#2326=CARTESIAN_POINT('Origin',(356.2,114.2,16.75));
#2327=CARTESIAN_POINT('',(353.2,114.2,17.5));
#2328=CARTESIAN_POINT('Origin',(356.2,114.2,17.5));
#2329=CARTESIAN_POINT('',(353.2,114.2,16.));
#2330=CARTESIAN_POINT('',(353.2,114.2,16.75));
#2331=CARTESIAN_POINT('Origin',(356.2,114.2,16.));
#2332=CARTESIAN_POINT('Origin',(356.2,114.2,16.));
#2333=CARTESIAN_POINT('',(354.65,114.2,16.));
#2334=CARTESIAN_POINT('Origin',(356.2,114.2,16.));
#2335=CARTESIAN_POINT('Origin',(356.2,185.,16.75));
#2336=CARTESIAN_POINT('',(353.2,185.,17.5));
#2337=CARTESIAN_POINT('Origin',(356.2,185.,17.5));
#2338=CARTESIAN_POINT('',(353.2,185.,16.));
#2339=CARTESIAN_POINT('',(353.2,185.,16.75));
#2340=CARTESIAN_POINT('Origin',(356.2,185.,16.));
#2341=CARTESIAN_POINT('Origin',(356.2,185.,16.));
#2342=CARTESIAN_POINT('',(354.65,185.,16.));
#2343=CARTESIAN_POINT('Origin',(356.2,185.,16.));
#2344=CARTESIAN_POINT('Origin',(240.4,114.2,15.));
#2345=CARTESIAN_POINT('',(238.85,114.2,13.));
#2346=CARTESIAN_POINT('',(238.85,114.2,15.));
#2347=CARTESIAN_POINT('Origin',(240.4,114.2,13.));
#2348=CARTESIAN_POINT('Origin',(240.4,185.,15.));
#2349=CARTESIAN_POINT('',(238.85,185.,13.));
#2350=CARTESIAN_POINT('',(238.85,185.,15.));
#2351=CARTESIAN_POINT('Origin',(240.4,185.,13.));
#2352=CARTESIAN_POINT('Origin',(356.2,185.,15.));
#2353=CARTESIAN_POINT('',(354.65,185.,13.));
#2354=CARTESIAN_POINT('',(354.65,185.,15.));
#2355=CARTESIAN_POINT('Origin',(356.2,185.,13.));
#2356=CARTESIAN_POINT('Origin',(356.2,114.2,15.));
#2357=CARTESIAN_POINT('',(354.65,114.2,13.));
#2358=CARTESIAN_POINT('',(354.65,114.2,15.));
#2359=CARTESIAN_POINT('Origin',(356.2,114.2,13.));
#2360=CARTESIAN_POINT('Origin',(304.975,141.355,13.));
#2361=CARTESIAN_POINT('',(304.975,141.355,13.));
#2362=CARTESIAN_POINT('',(304.975,127.355,13.));
#2363=CARTESIAN_POINT('',(304.975,141.355,13.));
#2364=CARTESIAN_POINT('',(304.975,127.355,14.5));
#2365=CARTESIAN_POINT('',(304.975,127.355,13.));
#2366=CARTESIAN_POINT('',(304.975,141.355,14.5));
#2367=CARTESIAN_POINT('',(304.975,141.355,14.5));
#2368=CARTESIAN_POINT('',(304.975,141.355,13.));
#2369=CARTESIAN_POINT('Origin',(290.975,141.355,13.));
#2370=CARTESIAN_POINT('',(290.975,141.355,13.));
#2371=CARTESIAN_POINT('',(290.975,141.355,13.));
#2372=CARTESIAN_POINT('',(290.975,141.355,14.5));
#2373=CARTESIAN_POINT('',(290.975,141.355,14.5));
#2374=CARTESIAN_POINT('',(290.975,141.355,13.));
#2375=CARTESIAN_POINT('Origin',(290.975,127.355,13.));
#2376=CARTESIAN_POINT('',(290.975,127.355,13.));
#2377=CARTESIAN_POINT('',(290.975,127.355,13.));
#2378=CARTESIAN_POINT('',(290.975,127.355,14.5));
#2379=CARTESIAN_POINT('',(290.975,127.355,14.5));
#2380=CARTESIAN_POINT('',(290.975,127.355,13.));
#2381=CARTESIAN_POINT('Origin',(304.975,127.355,13.));
#2382=CARTESIAN_POINT('',(304.975,127.355,13.));
#2383=CARTESIAN_POINT('',(304.975,127.355,14.5));
#2384=CARTESIAN_POINT('Origin',(343.075,160.855,13.));
#2385=CARTESIAN_POINT('',(343.075,160.855,13.));
#2386=CARTESIAN_POINT('',(343.075,146.855,13.));
#2387=CARTESIAN_POINT('',(343.075,160.855,13.));
#2388=CARTESIAN_POINT('',(343.075,146.855,14.5));
#2389=CARTESIAN_POINT('',(343.075,146.855,13.));
#2390=CARTESIAN_POINT('',(343.075,160.855,14.5));
#2391=CARTESIAN_POINT('',(343.075,160.855,14.5));
#2392=CARTESIAN_POINT('',(343.075,160.855,13.));
#2393=CARTESIAN_POINT('Origin',(329.075,160.855,13.));
#2394=CARTESIAN_POINT('',(329.075,160.855,13.));
#2395=CARTESIAN_POINT('',(329.075,160.855,13.));
#2396=CARTESIAN_POINT('',(329.075,160.855,14.5));
#2397=CARTESIAN_POINT('',(329.075,160.855,14.5));
#2398=CARTESIAN_POINT('',(329.075,160.855,13.));
#2399=CARTESIAN_POINT('Origin',(329.075,146.855,13.));
#2400=CARTESIAN_POINT('',(329.075,146.855,13.));
#2401=CARTESIAN_POINT('',(329.075,146.855,13.));
#2402=CARTESIAN_POINT('',(329.075,146.855,14.5));
#2403=CARTESIAN_POINT('',(329.075,146.855,14.5));
#2404=CARTESIAN_POINT('',(329.075,146.855,13.));
#2405=CARTESIAN_POINT('Origin',(343.075,146.855,13.));
#2406=CARTESIAN_POINT('',(343.075,146.855,13.));
#2407=CARTESIAN_POINT('',(343.075,146.855,14.5));
#2408=CARTESIAN_POINT('Origin',(327.,175.35,13.));
#2409=CARTESIAN_POINT('',(327.,175.35,13.));
#2410=CARTESIAN_POINT('',(327.,167.85,13.));
#2411=CARTESIAN_POINT('',(327.,175.35,13.));
#2412=CARTESIAN_POINT('',(327.,167.85,14.5));
#2413=CARTESIAN_POINT('',(327.,167.85,13.));
#2414=CARTESIAN_POINT('',(327.,175.35,14.5));
#2415=CARTESIAN_POINT('',(327.,175.35,14.5));
#2416=CARTESIAN_POINT('',(327.,175.35,13.));
#2417=CARTESIAN_POINT('Origin',(302.,175.35,13.));
#2418=CARTESIAN_POINT('',(302.,175.35,13.));
#2419=CARTESIAN_POINT('',(302.,175.35,13.));
#2420=CARTESIAN_POINT('',(302.,175.35,14.5));
#2421=CARTESIAN_POINT('',(302.,175.35,14.5));
#2422=CARTESIAN_POINT('',(302.,175.35,13.));
#2423=CARTESIAN_POINT('Origin',(302.,167.85,13.));
#2424=CARTESIAN_POINT('',(302.,167.85,13.));
#2425=CARTESIAN_POINT('',(302.,167.85,13.));
#2426=CARTESIAN_POINT('',(302.,167.85,14.5));
#2427=CARTESIAN_POINT('',(302.,167.85,14.5));
#2428=CARTESIAN_POINT('',(302.,167.85,13.));
#2429=CARTESIAN_POINT('Origin',(327.,167.85,13.));
#2430=CARTESIAN_POINT('',(327.,167.85,13.));
#2431=CARTESIAN_POINT('',(327.,167.85,14.5));
#2432=CARTESIAN_POINT('Origin',(339.8,171.9,13.));
#2433=CARTESIAN_POINT('',(339.8,171.9,13.));
#2434=CARTESIAN_POINT('',(339.8,168.9,13.));
#2435=CARTESIAN_POINT('',(339.8,171.9,13.));
#2436=CARTESIAN_POINT('',(339.8,168.9,14.5));
#2437=CARTESIAN_POINT('',(339.8,168.9,13.));
#2438=CARTESIAN_POINT('',(339.8,171.9,14.5));
#2439=CARTESIAN_POINT('',(339.8,171.9,14.5));
#2440=CARTESIAN_POINT('',(339.8,171.9,13.));
#2441=CARTESIAN_POINT('Origin',(336.4,171.9,13.));
#2442=CARTESIAN_POINT('',(336.4,171.9,13.));
#2443=CARTESIAN_POINT('',(336.4,171.9,13.));
#2444=CARTESIAN_POINT('',(336.4,171.9,14.5));
#2445=CARTESIAN_POINT('',(336.4,171.9,14.5));
#2446=CARTESIAN_POINT('',(336.4,171.9,13.));
#2447=CARTESIAN_POINT('Origin',(336.4,168.9,13.));
#2448=CARTESIAN_POINT('',(336.4,168.9,13.));
#2449=CARTESIAN_POINT('',(336.4,168.9,13.));
#2450=CARTESIAN_POINT('',(336.4,168.9,14.5));
#2451=CARTESIAN_POINT('',(336.4,168.9,14.5));
#2452=CARTESIAN_POINT('',(336.4,168.9,13.));
#2453=CARTESIAN_POINT('Origin',(339.8,168.9,13.));
#2454=CARTESIAN_POINT('',(339.8,168.9,13.));
#2455=CARTESIAN_POINT('',(339.8,168.9,14.5));
#2456=CARTESIAN_POINT('Origin',(324.025,141.355,13.));
#2457=CARTESIAN_POINT('',(324.025,141.355,13.));
#2458=CARTESIAN_POINT('',(324.025,127.355,13.));
#2459=CARTESIAN_POINT('',(324.025,141.355,13.));
#2460=CARTESIAN_POINT('',(324.025,127.355,14.5));
#2461=CARTESIAN_POINT('',(324.025,127.355,13.));
#2462=CARTESIAN_POINT('',(324.025,141.355,14.5));
#2463=CARTESIAN_POINT('',(324.025,141.355,14.5));
#2464=CARTESIAN_POINT('',(324.025,141.355,13.));
#2465=CARTESIAN_POINT('Origin',(310.025,141.355,13.));
#2466=CARTESIAN_POINT('',(310.025,141.355,13.));
#2467=CARTESIAN_POINT('',(310.025,141.355,13.));
#2468=CARTESIAN_POINT('',(310.025,141.355,14.5));
#2469=CARTESIAN_POINT('',(310.025,141.355,14.5));
#2470=CARTESIAN_POINT('',(310.025,141.355,13.));
#2471=CARTESIAN_POINT('Origin',(310.025,127.355,13.));
#2472=CARTESIAN_POINT('',(310.025,127.355,13.));
#2473=CARTESIAN_POINT('',(310.025,127.355,13.));
#2474=CARTESIAN_POINT('',(310.025,127.355,14.5));
#2475=CARTESIAN_POINT('',(310.025,127.355,14.5));
#2476=CARTESIAN_POINT('',(310.025,127.355,13.));
#2477=CARTESIAN_POINT('Origin',(324.025,127.355,13.));
#2478=CARTESIAN_POINT('',(324.025,127.355,13.));
#2479=CARTESIAN_POINT('',(324.025,127.355,14.5));
#2480=CARTESIAN_POINT('Origin',(343.075,141.355,13.));
#2481=CARTESIAN_POINT('',(343.075,141.355,13.));
#2482=CARTESIAN_POINT('',(343.075,127.355,13.));
#2483=CARTESIAN_POINT('',(343.075,141.355,13.));
#2484=CARTESIAN_POINT('',(343.075,127.355,14.5));
#2485=CARTESIAN_POINT('',(343.075,127.355,13.));
#2486=CARTESIAN_POINT('',(343.075,141.355,14.5));
#2487=CARTESIAN_POINT('',(343.075,141.355,14.5));
#2488=CARTESIAN_POINT('',(343.075,141.355,13.));
#2489=CARTESIAN_POINT('Origin',(329.075,141.355,13.));
#2490=CARTESIAN_POINT('',(329.075,141.355,13.));
#2491=CARTESIAN_POINT('',(329.075,141.355,13.));
#2492=CARTESIAN_POINT('',(329.075,141.355,14.5));
#2493=CARTESIAN_POINT('',(329.075,141.355,14.5));
#2494=CARTESIAN_POINT('',(329.075,141.355,13.));
#2495=CARTESIAN_POINT('Origin',(329.075,127.355,13.));
#2496=CARTESIAN_POINT('',(329.075,127.355,13.));
#2497=CARTESIAN_POINT('',(329.075,127.355,13.));
#2498=CARTESIAN_POINT('',(329.075,127.355,14.5));
#2499=CARTESIAN_POINT('',(329.075,127.355,14.5));
#2500=CARTESIAN_POINT('',(329.075,127.355,13.));
#2501=CARTESIAN_POINT('Origin',(343.075,127.355,13.));
#2502=CARTESIAN_POINT('',(343.075,127.355,13.));
#2503=CARTESIAN_POINT('',(343.075,127.355,14.5));
#2504=CARTESIAN_POINT('Origin',(324.025,160.855000208616,13.));
#2505=CARTESIAN_POINT('',(324.025,160.855000208616,13.));
#2506=CARTESIAN_POINT('',(324.025,146.855,13.));
#2507=CARTESIAN_POINT('',(324.025,160.855000208616,13.));
#2508=CARTESIAN_POINT('',(324.025,146.855,14.5));
#2509=CARTESIAN_POINT('',(324.025,146.855,13.));
#2510=CARTESIAN_POINT('',(324.025,160.855000208616,14.5));
#2511=CARTESIAN_POINT('',(324.025,160.855000208616,14.5));
#2512=CARTESIAN_POINT('',(324.025,160.855000208616,13.));
#2513=CARTESIAN_POINT('Origin',(310.024999791384,160.855000208616,13.));
#2514=CARTESIAN_POINT('',(310.024999791384,160.855000208616,13.));
#2515=CARTESIAN_POINT('',(310.024999791384,160.855000208616,13.));
#2516=CARTESIAN_POINT('',(310.024999791384,160.855000208616,14.5));
#2517=CARTESIAN_POINT('',(310.024999791384,160.855000208616,14.5));
#2518=CARTESIAN_POINT('',(310.024999791384,160.855000208616,13.));
#2519=CARTESIAN_POINT('Origin',(310.024999791384,146.855,13.));
#2520=CARTESIAN_POINT('',(310.024999791384,146.855,13.));
#2521=CARTESIAN_POINT('',(310.024999791384,146.855,13.));
#2522=CARTESIAN_POINT('',(310.024999791384,146.855,14.5));
#2523=CARTESIAN_POINT('',(310.024999791384,146.855,14.5));
#2524=CARTESIAN_POINT('',(310.024999791384,146.855,13.));
#2525=CARTESIAN_POINT('Origin',(324.025,146.855,13.));
#2526=CARTESIAN_POINT('',(324.025,146.855,13.));
#2527=CARTESIAN_POINT('',(324.025,146.855,14.5));
#2528=CARTESIAN_POINT('Origin',(285.4,180.,13.));
#2529=CARTESIAN_POINT('',(285.4,180.,13.));
#2530=CARTESIAN_POINT('',(285.4,119.2,13.));
#2531=CARTESIAN_POINT('',(285.4,180.,13.));
#2532=CARTESIAN_POINT('',(285.4,119.2,14.5));
#2533=CARTESIAN_POINT('',(285.4,119.2,13.));
#2534=CARTESIAN_POINT('',(285.4,180.,14.5));
#2535=CARTESIAN_POINT('',(285.4,180.,14.5));
#2536=CARTESIAN_POINT('',(285.4,180.,13.));
#2537=CARTESIAN_POINT('Origin',(318.3,149.6,14.5));
#2538=CARTESIAN_POINT('',(351.2,180.,14.5));
#2539=CARTESIAN_POINT('',(281.85,180.,14.5));
#2540=CARTESIAN_POINT('',(351.2,119.2,14.5));
#2541=CARTESIAN_POINT('',(334.75,119.2,14.5));
#2542=CARTESIAN_POINT('',(351.2,164.8,14.5));
#2543=CARTESIAN_POINT('Origin',(351.2,180.,13.));
#2544=CARTESIAN_POINT('',(351.2,119.2,17.5));
#2545=CARTESIAN_POINT('',(351.2,119.2,13.));
#2546=CARTESIAN_POINT('',(351.2,180.,17.5));
#2547=CARTESIAN_POINT('',(351.2,180.,17.5));
#2548=CARTESIAN_POINT('',(351.2,180.,13.));
#2549=CARTESIAN_POINT('Origin',(245.4,180.,13.));
#2550=CARTESIAN_POINT('',(245.4,180.,17.5));
#2551=CARTESIAN_POINT('',(245.4,180.,17.5));
#2552=CARTESIAN_POINT('',(245.4,180.,13.));
#2553=CARTESIAN_POINT('',(245.4,180.,13.));
#2554=CARTESIAN_POINT('',(245.4,180.,13.));
#2555=CARTESIAN_POINT('Origin',(245.4,119.2,13.));
#2556=CARTESIAN_POINT('',(245.4,119.2,13.));
#2557=CARTESIAN_POINT('',(245.4,119.2,13.));
#2558=CARTESIAN_POINT('',(245.4,119.2,17.5));
#2559=CARTESIAN_POINT('',(245.4,119.2,17.5));
#2560=CARTESIAN_POINT('',(245.4,119.2,13.));
#2561=CARTESIAN_POINT('Origin',(351.2,119.2,13.));
#2562=CARTESIAN_POINT('',(285.4,119.2,13.));
#2563=CARTESIAN_POINT('',(285.4,119.2,17.5));
#2564=CARTESIAN_POINT('Origin',(235.4,190.,13.));
#2565=CARTESIAN_POINT('',(235.4,109.2,13.));
#2566=CARTESIAN_POINT('',(235.4,190.,13.));
#2567=CARTESIAN_POINT('',(235.4,109.2,13.));
#2568=CARTESIAN_POINT('',(235.4,109.2,17.5));
#2569=CARTESIAN_POINT('',(235.4,109.2,13.));
#2570=CARTESIAN_POINT('',(235.4,190.,17.5));
#2571=CARTESIAN_POINT('',(235.4,109.2,17.5));
#2572=CARTESIAN_POINT('',(235.4,190.,13.));
#2573=CARTESIAN_POINT('Origin',(361.2,190.,13.));
#2574=CARTESIAN_POINT('',(361.2,190.,13.));
#2575=CARTESIAN_POINT('',(235.4,190.,13.));
#2576=CARTESIAN_POINT('',(361.2,190.,17.5));
#2577=CARTESIAN_POINT('',(235.4,190.,17.5));
#2578=CARTESIAN_POINT('',(361.2,190.,13.));
#2579=CARTESIAN_POINT('Origin',(361.2,109.2,13.));
#2580=CARTESIAN_POINT('',(361.2,109.2,13.));
#2581=CARTESIAN_POINT('',(361.2,190.,13.));
#2582=CARTESIAN_POINT('',(361.2,109.2,17.5));
#2583=CARTESIAN_POINT('',(361.2,190.,17.5));
#2584=CARTESIAN_POINT('',(361.2,109.2,13.));
#2585=CARTESIAN_POINT('Origin',(235.4,109.2,13.));
#2586=CARTESIAN_POINT('',(361.2,109.2,13.));
#2587=CARTESIAN_POINT('',(361.2,109.2,17.5));
#2588=CARTESIAN_POINT('Origin',(298.3,149.6,17.5));
#2589=CARTESIAN_POINT('Origin',(298.3,149.6,13.));
#2590=CARTESIAN_POINT('',(0.,60.,0.));
#2591=UNCERTAINTY_MEASURE_WITH_UNIT(LENGTH_MEASURE(0.01),#2597,
'DISTANCE_ACCURACY_VALUE',
'Maximum model space distance between geometric entities at asserted c
onnectivities');
#2592=UNCERTAINTY_MEASURE_WITH_UNIT(LENGTH_MEASURE(0.01),#2597,
'DISTANCE_ACCURACY_VALUE',
'Maximum model space distance between geometric entities at asserted c
onnectivities');
#2593=UNCERTAINTY_MEASURE_WITH_UNIT(LENGTH_MEASURE(0.01),#2597,
'DISTANCE_ACCURACY_VALUE',
'Maximum model space distance between geometric entities at asserted c
onnectivities');
#2594=(
GEOMETRIC_REPRESENTATION_CONTEXT(3)
GLOBAL_UNCERTAINTY_ASSIGNED_CONTEXT((#2591))
GLOBAL_UNIT_ASSIGNED_CONTEXT((#2597,#2599,#2600))
REPRESENTATION_CONTEXT('','3D')
);
#2595=(
GEOMETRIC_REPRESENTATION_CONTEXT(3)
GLOBAL_UNCERTAINTY_ASSIGNED_CONTEXT((#2592))
GLOBAL_UNIT_ASSIGNED_CONTEXT((#2597,#2599,#2600))
REPRESENTATION_CONTEXT('','3D')
);
#2596=(
GEOMETRIC_REPRESENTATION_CONTEXT(3)
GLOBAL_UNCERTAINTY_ASSIGNED_CONTEXT((#2593))
GLOBAL_UNIT_ASSIGNED_CONTEXT((#2597,#2599,#2600))
REPRESENTATION_CONTEXT('','3D')
);
#2597=(
LENGTH_UNIT()
NAMED_UNIT(*)
SI_UNIT(.MILLI.,.METRE.)
);
#2598=(
LENGTH_UNIT()
NAMED_UNIT(*)
SI_UNIT($,.METRE.)
);
#2599=(
NAMED_UNIT(*)
PLANE_ANGLE_UNIT()
SI_UNIT($,.RADIAN.)
);
#2600=(
NAMED_UNIT(*)
SI_UNIT($,.STERADIAN.)
SOLID_ANGLE_UNIT()
);
#2601=SHAPE_DEFINITION_REPRESENTATION(#2603,#2606);
#2602=SHAPE_DEFINITION_REPRESENTATION(#2604,#2607);
#2603=PRODUCT_DEFINITION_SHAPE('',$,#2609);
#2604=PRODUCT_DEFINITION_SHAPE('',$,#2610);
#2605=PRODUCT_DEFINITION_SHAPE($,$,#14);
#2606=SHAPE_REPRESENTATION('',(#1619,#1737),#2594);
#2607=SHAPE_REPRESENTATION('',(#1620),#2595);
#2608=PRODUCT_DEFINITION_CONTEXT('part definition',#2616,'design');
#2609=PRODUCT_DEFINITION('2026-06-03-20-53-13-269','case',#2611,#2608);
#2610=PRODUCT_DEFINITION('2026-06-03-20-03-18-549','base',#2612,#2608);
#2611=PRODUCT_DEFINITION_FORMATION('',$,#2618);
#2612=PRODUCT_DEFINITION_FORMATION('',$,#2619);
#2613=PRODUCT_RELATED_PRODUCT_CATEGORY('case','case',(#2618));
#2614=PRODUCT_RELATED_PRODUCT_CATEGORY('base','base',(#2619));
#2615=APPLICATION_PROTOCOL_DEFINITION('international standard',
'automotive_design',2009,#2616);
#2616=APPLICATION_CONTEXT(
'Core Data for Automotive Mechanical Design Process');
#2617=PRODUCT_CONTEXT('part definition',#2616,'mechanical');
#2618=PRODUCT('2026-06-03-20-53-13-269','case',$,(#2617));
#2619=PRODUCT('2026-06-03-20-03-18-549','base',$,(#2617));
#2620=PRESENTATION_STYLE_ASSIGNMENT((#2621));
#2621=SURFACE_STYLE_USAGE(.BOTH.,#2622);
#2622=SURFACE_SIDE_STYLE('',(#2623));
#2623=SURFACE_STYLE_FILL_AREA(#2624);
#2624=FILL_AREA_STYLE('Steel - Satin',(#2625));
#2625=FILL_AREA_STYLE_COLOUR('Steel - Satin',#2626);
#2626=COLOUR_RGB('Steel - Satin',0.627450980392157,0.627450980392157,0.627450980392157);
ENDSEC;
END-ISO-10303-21;
